1001,Drake,3,7-235-561-8151,2-015-241-3578,Barry_Drake8575@atink.com,6,3/8/2002,0,3,950,666,163217238,3
1002,James,2,5-284-074-2135,5-202-601-7044,Maggie_James9428@brety.org,7,1/24/1969,0,3,203,170,758312145,2
1003,Yarwood,1,0-606-582-1777,7-783-554-0387,Sebastian_Yarwood6087@infotech44.tech,6,4/10/2011,0,2,547,512,401151783,1
1004,Emmett,3,2-856-770-3573,8-126-644-2447,Liam_Emmett703@liret.org,4,5/5/1962,0,1,481,447,738535313,1
1005,James,2,5-181-128-3053,2-376-582-4044,Lucas_James7077@bretoux.com,6,5/14/1963,0,1,616,798,530262051,3
1006,Waterson,1,2-248-517-7325,7-205-840-1618,Maya_Waterson1451@nimogy.biz,8,11/22/1954,0,2,165,19,561187831,1
1007,Sylvester,1,0-725-873-5318,7-871-651-3622,Carina_Sylvester1279@iatim.tech,3,3/8/1976,1,2,23,280,667241282,2
1008,Stone,1,1-201-437-1342,0-161-226-7118,Benny_Stone5041@twipet.com,1,10/15/2010,1,3,768,602,715362553,1
1009,Andrews,3,5-788-827-0036,8-032-406-2647,Caleb_Andrews4870@muall.tech,5,10/9/1966,0,1,902,189,443474651,1
1010,Newman,2,1-166-325-1147,6-872-117-6242,Jacob_Newman9892@supunk.biz,2,11/13/2008,1,2,541,834,44787470,1
1011,Reyes,2,0-158-340-3683,0-111-853-8763,Abbey_Reyes4622@kideod.biz,7,3/4/1988,1,3,2,261,310446875,2
1012,King,2,2-072-562-4115,7-662-866-6804,Ryan_King9151@muall.tech,3,11/21/1969,1,2,798,68,533585222,2
1013,Plumb,2,4-157-025-8536,0-808-460-7485,Monica_Plumb4111@vetan.org,8,8/11/2013,1,3,848,248,366747741,3
1014,Murphy,2,0-018-808-5641,5-476-462-8822,Lynn_Murphy4111@ovock.tech,4,9/12/1975,1,1,323,830,818148324,3
1015,Myatt,2,5-852-784-6003,2-814-267-7068,Kassandra_Myatt6619@mafthy.com,3,10/18/1994,1,3,452,493,241786658,2
1016,Larsen,2,5-334-673-8038,5-655-687-5386,Luna_Larsen2884@liret.org,5,1/18/2009,1,1,848,726,740685025,2
1017,Ross,1,4-011-658-6545,3-478-573-7702,Javier_Ross450@elnee.tech,7,3/30/1979,1,1,423,5,473723381,2
1018,Gilmore,3,2-215-558-1467,1-335-244-2806,Carter_Gilmore1684@nimogy.biz,7,1/11/1967,0,1,349,300,76433104,1
1019,Higgs,3,2-461-780-5050,0-177-073-4288,Bryce_Higgs3431@atink.com,1,4/30/1974,0,2,711,496,236357074,3
1020,Vangness,1,6-277-561-1683,3-327-076-3630,Angelina_Vangness5951@mafthy.com,2,6/25/2018,2,3,13,639,731555241,3
1021,Ross,1,4-325-131-8107,3-668-821-6412,Anais_Ross7064@naiker.biz,8,8/27/1962,1,2,810,216,68338762,1
1022,Bolton,3,0-255-542-1847,6-543-455-2047,Marvin_Bolton2319@hourpy.biz,1,4/29/1989,0,2,442,625,871167502,3
1023,Martin,2,8-560-474-3510,4-606-015-2036,Rufus_Martin9198@dionrab.com,4,8/24/1964,1,2,126,213,753264442,2
1024,Oliver,2,0-885-718-4686,6-342-875-1070,Tyler_Oliver6124@kideod.biz,8,9/18/1994,1,3,698,693,457586536,1
1025,Butler,3,3-455-334-3285,5-346-485-8831,Bree_Butler5494@cispeto.com,7,1/28/1992,0,3,772,537,455585284,1
1026,Hill,3,4-454-118-0725,4-660-158-2500,George_Hill7837@typill.biz,8,11/4/1966,0,3,825,946,611651020,2
1027,Moreno,2,3-107-465-0162,6-006-135-3876,Camden_Moreno9164@bauros.biz,6,4/9/2015,1,3,557,790,152643000,3
1028,Everett,3,6-438-652-8427,1-822-124-6011,Kurt_Everett7855@atink.com,5,7/31/1977,0,3,683,45,848852556,1
1029,Adler,3,8-018-024-0245,4-053-460-5657,Daphne_Adler2204@supunk.biz,7,11/8/1993,0,1,441,749,881686886,2
1030,Skinner,1,0-173-671-7301,7-228-033-1884,Hadley_Skinner6567@supunk.biz,1,6/25/1955,1,1,960,687,765407801,1
1031,Olivier,2,3-780-307-3268,8-576-135-4818,Mason_Olivier8007@mafthy.com,7,11/13/1950,1,1,220,707,240407567,1
1032,Vaughn,1,8-443-212-1434,1-252-085-3114,Benny_Vaughn346@deavo.com,5,6/22/1983,1,1,723,383,603108507,1
1033,Walsh,1,4-873-603-4851,8-405-520-3846,Johnathan_Walsh6708@guentu.biz,6,11/22/1991,1,1,192,988,647612462,3
1034,Overson,2,7-331-478-2477,6-187-025-7214,Nicole_Overson4734@gmail.com,6,5/15/2020,1,3,239,847,180160313,3
1035,Wills,1,7-886-338-6358,3-884-534-3486,Paula_Wills8030@muall.tech,2,12/5/1993,0,1,360,717,681523604,1
1036,Richards,1,4-600-600-0808,8-055-010-0000,Gwenyth_Richards8132@corti.com,5,11/25/1993,1,3,985,159,144354432,1
1037,Ulyatt,1,4-167-760-6301,4-418-357-4525,Marvin_Ulyatt4197@corti.com,5,6/25/2001,1,3,236,994,788477037,1
1038,Trent,1,2-220-104-4000,8-017-301-8022,Sasha_Trent379@bulaffy.com,3,12/12/1966,2,1,736,7,623576416,3
1039,Henderson,3,4-145-834-6228,5-275-770-8021,Jane_Henderson8314@qater.org,1,11/27/1983,0,1,625,242,666740438,1
1040,Lloyd,2,3-376-358-2007,1-628-347-3257,Manuel_Lloyd9419@gembat.biz,1,12/22/1979,1,2,655,310,772371844,3
1041,Robinson,1,2-848-578-6185,0-473-166-5484,Josephine_Robinson2205@nimogy.biz,1,11/17/2007,1,1,81,210,865604115,1
1042,Crawford,3,2-007-201-7153,5-075-611-6522,Audrey_Crawford9707@bulaffy.com,2,4/16/1994,0,2,728,164,842267608,2
1043,Sanchez,1,5-641-344-3436,5-010-425-0508,Tyler_Sanchez4286@cispeto.com,1,4/20/1976,1,3,719,534,358631455,3
1044,West,1,4-868-447-8856,1-216-305-6505,Anabel_West1504@sveldo.biz,6,3/15/1973,3,2,148,839,348718116,1
1045,Harper,3,5-442-444-6148,0-084-771-7557,Rocco_Harper1327@nanoff.biz,6,5/23/1971,0,1,872,588,826751611,1
1046,Ebbs,3,3-507-482-3417,3-660-807-6530,Erick_Ebbs2225@bauros.biz,5,10/14/1995,0,2,34,11,660141376,3
1047,Griffiths,3,7-185-754-4237,8-301-647-2670,Liam_Griffiths2689@naiker.biz,6,2/20/1992,0,2,756,795,840730240,1
1048,Mullins,2,0-542-631-7428,8-687-177-6266,Leilani_Mullins307@corti.com,2,10/11/1973,1,2,477,714,274758434,1
1049,Ashley,3,4-156-324-6168,1-062-430-2447,Ryan_Ashley1106@sheye.org,3,12/27/1953,0,2,54,141,758241614,3
1050,Holt,3,4-245-234-3236,7-318-063-6548,William_Holt2379@gmail.com,6,6/26/2004,0,2,326,586,221878820,3
1051,Thomas,1,7-141-648-2152,6-470-515-5222,Carla_Thomas5856@kideod.biz,8,10/26/1999,3,1,297,11,277142583,1
1052,Carson,3,4-630-810-4275,5-747-245-5476,Clarissa_Carson8340@liret.org,8,2/23/2014,0,3,278,429,672380082,1
1053,Bristow,3,1-205-010-0157,1-856-263-7857,Ramon_Bristow2817@bretoux.com,5,10/9/1996,0,1,577,427,63570345,3
1054,Anderson,3,7-746-703-0408,5-708-885-3273,Meredith_Anderson5531@irrepsy.com,4,1/21/1983,0,2,467,605,818778387,2
1055,Asher,3,1-675-164-6075,3-813-886-4282,Luke_Asher5852@gembat.biz,1,4/23/1979,0,2,130,539,582060663,3
1056,Thompson,1,6-550-744-7610,4-348-423-8313,Hadley_Thompson3521@joiniaa.com,2,1/7/2010,1,2,514,97,568866621,1
1057,Everett,3,2-078-647-3516,1-501-743-2325,Mason_Everett6276@bauros.biz,3,3/23/2001,0,3,195,41,110826081,3
1058,Niles,2,4-482-878-1588,1-580-875-5311,Francesca_Niles7396@yahoo.com,7,1/3/1993,1,3,608,610,854780740,1
1059,Glynn,3,0-276-413-6608,8-380-478-2012,Elijah_Glynn2255@deavo.com,7,10/9/1959,0,1,105,893,62008138,1
1060,Riley,1,6-608-836-5204,8-487-771-6040,Tess_Riley169@kideod.biz,7,12/23/1979,1,2,823,757,140373201,3
1061,Shaw,1,0-284-536-5032,8-024-022-6084,Carl_Shaw9219@joiniaa.com,5,4/8/1990,1,2,304,152,871370702,3
1062,Neville,2,4-850-333-1284,2-122-412-4101,Barney_Neville8204@acrit.org,2,5/24/2004,1,2,212,21,588846417,2
1063,Neville,2,0-516-714-1028,5-241-266-3775,Camden_Neville6354@extex.org,6,11/15/2016,1,3,368,951,680718864,2
1064,Swift,1,3-284-628-7717,3-283-342-3346,Cecilia_Swift1880@atink.com,2,6/6/1981,1,2,301,874,532104683,2
1065,Squire,1,2-031-714-0866,4-141-737-6173,Rufus_Squire8398@brety.org,4,3/5/1961,1,3,390,905,473563647,2
1066,Moss,2,1-655-114-6621,6-400-535-8544,Hazel_Moss9956@eirey.tech,4,1/19/1952,1,1,462,788,250326520,2
1067,Mason,2,4-618-181-8517,2-043-243-6253,Julius_Mason1572@atink.com,5,7/17/1956,1,3,583,180,445148430,2
1068,Tanner,1,5-342-062-1101,6-843-485-1807,Ryan_Tanner9010@yahoo.com,8,8/21/2015,1,2,20,797,312674304,3
1069,Camden,3,8-453-804-8301,1-306-585-6752,Margot_Camden7569@deavo.com,2,5/31/2008,0,2,510,964,142702475,3
1070,Callan,3,5-070-868-7342,8-848-115-6386,Jules_Callan1952@famism.biz,4,10/31/1954,0,2,170,117,225214127,3
1071,Vince,1,6-551-826-4446,3-415-265-8350,Rufus_Vince6157@nanoff.biz,2,6/25/1998,3,2,145,973,877620104,2
1072,Ebbs,3,1-830-548-3304,5-784-322-6180,Boris_Ebbs6144@supunk.biz,3,7/15/1971,0,2,617,228,140463810,3
1073,Giles,3,3-845-261-1622,3-617-681-1165,Daron_Giles2131@bretoux.com,7,1/22/1984,0,3,480,251,125366204,2
1074,Hood,3,5-625-450-0266,3-868-246-6522,Russel_Hood2899@ubusive.com,3,9/27/2004,0,2,970,241,517376560,2
1075,Keys,2,5-282-100-6372,7-121-167-2282,Chester_Keys8644@cispeto.com,2,5/26/2000,1,2,842,96,837740835,3
1076,Addis,3,3-113-584-3662,6-176-028-3106,Marie_Addis3342@gembat.biz,3,5/21/1988,0,3,418,673,543240711,2
1077,Walsh,1,7-326-374-4130,5-223-425-5171,Jayden_Walsh3795@ovock.tech,4,12/23/1975,2,1,366,907,814423721,3
1078,Janes,2,4-684-708-4860,3-836-552-6186,Ramon_Janes4398@muall.tech,6,1/8/1955,0,3,968,857,768483414,1
1079,Chapman,3,5-003-706-2376,8-836-540-6647,Gwen_Chapman166@ubusive.com,1,12/16/1974,0,3,969,478,315125644,3
1080,Noach,2,6-062-117-3541,6-222-121-7700,Violet_Noach6875@supunk.biz,1,7/8/2004,1,2,739,45,550632865,2
1081,Ramsey,2,4-352-654-1683,1-246-135-6107,Gil_Ramsey4570@mafthy.com,1,5/2/1985,1,1,568,534,486617685,1
1082,Neville,2,4-333-461-3085,3-103-870-5216,Logan_Neville1699@extex.org,4,3/31/1984,1,3,322,727,256414805,2
1083,Dempsey,3,7-417-041-7150,8-530-150-7713,Barney_Dempsey2469@vetan.org,6,3/24/1962,0,1,895,916,618443875,1
1084,Yarlett,1,3-114-277-3504,0-510-041-3372,Jacob_Yarlett3321@ubusive.com,1,9/25/1991,0,2,212,468,846780828,3
1085,Harrison,3,2-842-785-6622,0-253-515-1671,Quinn_Harrison2724@supunk.biz,5,4/25/2003,0,1,164,720,661548150,1
1086,Herbert,3,1-027-556-2351,6-730-016-1527,Emery_Herbert2421@mafthy.com,5,5/31/1964,0,1,545,235,215616600,3
1087,Dann,3,8-244-008-4220,7-805-865-2601,Colleen_Dann4042@acrit.org,8,9/5/1978,0,2,981,509,508608143,1
1088,Shaw,1,0-273-633-1438,1-531-687-7211,Henry_Shaw6383@gembat.biz,7,12/10/1992,1,1,789,295,648331332,2
1089,Rogers,1,3-276-275-4412,8-643-324-8111,Liam_Rogers7327@sveldo.biz,4,5/23/1958,1,3,599,288,365260872,2
1090,Randall,2,4-734-166-2287,4-377-611-2415,Denis_Randall7078@dionrab.com,3,6/3/1982,1,3,626,464,206851048,3
1091,Benfield,3,6-041-374-2062,4-141-207-8853,Kurt_Benfield2234@qater.org,7,1/23/1958,0,1,206,293,227636106,2
1092,Weasley,1,2-663-486-1335,1-665-658-2222,Jacqueline_Weasley6963@sheye.org,4,4/24/1984,3,3,928,517,634334600,3
1093,Slater,1,5-130-044-4417,2-342-184-8105,Roger_Slater4863@fuliss.net,1,11/12/1954,1,2,313,728,262176314,1
1094,Russell,1,1-270-121-5367,6-808-781-8080,Bethany_Russell3986@nanoff.biz,8,1/17/1969,1,2,983,878,250047725,3
1095,Clark,3,1-737-753-1551,1-152-058-0237,Daron_Clark124@tonsy.org,6,9/21/1991,0,2,487,143,658171584,2
1096,Holmes,3,1-045-152-0761,5-282-606-2436,Tony_Holmes478@irrepsy.com,7,12/26/1975,0,3,965,65,433334264,1
1097,Ashwell,3,6-220-830-3202,3-458-372-4830,Lorraine_Ashwell2096@eirey.tech,1,8/12/1970,0,2,773,320,421136675,2
1098,Dunbar,3,4-321-516-0547,5-311-781-5706,Ema_Dunbar900@typill.biz,1,1/19/2002,0,2,553,804,440723235,2
1099,Wigley,1,7-686-155-3583,6-548-550-6412,Michael_Wigley4212@elnee.tech,2,8/9/2003,0,1,722,131,437328083,2
1100,Lyon,2,1-812-621-2413,3-673-538-4242,Daniel_Lyon8406@elnee.tech,8,5/9/1982,1,2,921,651,822773485,3
1101,Giles,3,2-403-080-2762,6-275-511-7837,Joseph_Giles7684@acrit.org,7,2/7/1954,0,1,861,432,582261660,3
1102,Lloyd,2,7-337-451-1125,3-636-611-4720,Bryon_Lloyd8554@ovock.tech,2,1/3/1951,1,1,749,501,347551257,1
1103,Jackson,2,1-715-514-4733,0-607-560-7047,Jayden_Jackson6006@ubusive.com,2,5/7/1999,0,1,566,16,540051258,1
1104,Collins,3,2-677-317-5723,4-140-458-2452,Alma_Collins5142@grannar.com,6,12/19/1994,0,2,354,950,626577826,3
1105,Parsons,2,2-163-048-3455,3-532-675-8222,Evelynn_Parsons5231@yahoo.com,2,10/11/2000,1,3,252,992,676218308,2
1106,Gibson,3,1-564-101-8376,1-356-406-8413,Melanie_Gibson8193@twace.org,1,12/19/1986,0,2,783,755,15706205,1
1107,Kennedy,2,7-124-453-8673,1-555-323-6673,Tyler_Kennedy5017@irrepsy.com,4,7/12/1998,1,2,380,885,547867134,1
1108,Reynolds,1,8-564-732-0481,5-427-023-4060,Lucy_Reynolds9421@bauros.biz,2,7/16/1959,1,3,215,863,705513284,2
1109,Hale,3,2-087-384-4022,3-726-658-8476,Anabelle_Hale2914@nickia.com,5,12/22/2013,0,1,419,239,84476738,1
1110,Hardwick,3,2-306-368-7162,6-535-211-5351,Michaela_Hardwick787@infotech44.tech,7,5/30/1983,0,2,842,410,62712472,3
1111,Henderson,3,7-306-347-5612,2-687-488-1486,Benjamin_Henderson2042@vetan.org,6,12/20/2009,0,1,719,400,115218211,3
1112,Thorpe,1,6-150-425-1143,8-631-118-1770,Enoch_Thorpe6629@guentu.biz,4,1/31/1978,1,1,992,256,226582606,2
1113,Reynolds,1,3-440-841-4838,2-774-186-5381,Tyler_Reynolds8305@zorer.org,8,9/5/2012,1,2,876,858,515061424,1
1114,Matthews,2,6-755-180-3333,7-412-535-2351,Aleksandra_Matthews6204@ovock.tech,6,11/28/1962,1,1,308,193,363675503,3
1115,Furnell,3,7-628-345-4325,4-400-400-5786,Clint_Furnell7344@irrepsy.com,6,3/8/1988,0,2,511,478,645460722,1
1116,Ryan,1,3-263-153-5127,2-483-581-0144,Joseph_Ryan9137@corti.com,2,11/11/1986,1,1,130,584,740644801,1
1117,Parker,2,4-700-133-6877,5-443-354-8477,Agnes_Parker829@tonsy.org,1,11/11/1958,1,2,921,527,473044805,3
1118,Overson,2,1-313-152-5504,5-040-620-5708,Carl_Overson2123@atink.com,4,9/26/2006,1,1,541,112,572680120,2
1119,Simpson,1,1-526-358-5525,8-525-640-1282,Harvey_Simpson7913@cispeto.com,1,12/20/1983,1,3,274,782,805483178,1
1120,Jennson,2,0-521-541-1787,1-343-377-7641,Bryon_Jennson1459@mafthy.com,3,2/18/1955,1,1,641,275,837304623,2
1121,Dillon,3,0-365-551-5108,2-511-267-7215,John_Dillon4639@vetan.org,4,10/3/2016,0,3,808,277,780807810,2
1122,Baxter,3,1-751-432-0217,4-634-527-3120,Sharon_Baxter6878@ovock.tech,7,1/28/1952,0,3,975,841,885405885,1
1123,Myatt,2,0-510-332-1616,3-465-328-0571,Hanna_Myatt4102@nanoff.biz,2,5/7/2013,1,2,289,105,517328217,3
1124,Rainford,2,1-768-416-2636,4-851-433-7867,Alan_Rainford4677@twipet.com,6,8/12/1956,1,2,481,904,318884704,3
1125,Herbert,3,6-200-146-1441,3-107-224-2515,Bree_Herbert846@atink.com,2,2/6/2007,0,1,398,345,56341047,2
1126,Walter,1,8-534-271-8177,4-216-741-0487,Melania_Walter6582@iatim.tech,1,3/1/1977,0,3,879,192,362721040,1
1127,Janes,2,1-876-083-0677,1-548-558-0667,Leah_Janes4594@gompie.com,3,5/10/2006,0,3,289,146,583626116,3
1128,Ashwell,3,6-775-582-4407,0-704-211-2731,Erick_Ashwell2036@grannar.com,6,12/22/2014,0,3,832,490,468725448,2
1129,Oatway,2,0-077-801-8656,3-467-038-5060,Ronald_Oatway451@gmail.com,5,2/20/1960,1,2,277,663,647432063,1
1130,Hewitt,3,8-305-270-1445,6-034-204-0074,Jasmine_Hewitt9467@nickia.com,2,1/6/1973,0,3,429,122,466511352,3
1131,Murphy,2,3-318-780-4760,8-726-885-4008,William_Murphy5426@qater.org,5,10/19/1978,1,3,71,366,368562522,3
1132,Greenwood,3,1-852-474-2266,6-571-844-4350,Katelyn_Greenwood4934@fuliss.net,4,7/21/2009,0,2,217,425,278603205,2
1133,Hooper,2,6-504-257-5331,1-840-162-0602,Julia_Hooper466@deons.tech,2,8/4/1976,0,2,55,521,823580751,2
1134,Dixon,3,7-343-750-6213,1-487-777-3503,David_Dixon2021@joiniaa.com,5,1/18/1974,0,1,771,482,633770322,2
1135,Hooper,2,2-258-378-8261,6-162-223-3220,Nate_Hooper2825@nanoff.biz,5,12/11/1996,0,3,824,286,331864821,3
1136,Walker,1,5-651-107-1088,4-483-361-2837,Mike_Walker1885@gompie.com,4,10/2/1974,3,3,274,320,652400843,1
1137,Uttridge,1,0-084-005-6710,1-510-253-7835,Erick_Uttridge7470@typill.biz,2,10/26/1963,3,3,327,609,548126810,3
1138,Price,2,3-261-362-2736,7-711-673-4216,Kirsten_Price8761@corti.com,8,1/25/1955,1,3,197,770,111214440,3
1139,Parr,2,6-874-407-4285,7-581-072-6376,Chris_Parr6698@sveldo.biz,5,2/27/1973,1,1,173,599,531304006,2
1140,Campbell,3,7-660-318-3314,8-416-452-8413,Eduardo_Campbell6771@womeona.net,3,10/20/1982,0,3,439,762,265272347,1
1141,Baker,3,3-344-262-7355,2-342-184-3604,Cecilia_Baker7416@qater.org,6,2/16/2000,0,1,312,847,668762837,1
1142,Page,2,8-865-816-7732,6-668-568-7266,Jazmin_Page85@deons.tech,1,10/12/1963,1,1,822,25,385873163,3
1143,Cox,3,1-133-882-4484,1-434-356-2364,Harvey_Cox9352@twace.org,3,1/24/2007,0,2,595,607,261612434,2
1144,Parker,2,7-762-450-6386,2-768-718-5242,Benny_Parker1845@muall.tech,4,7/15/1951,1,2,608,154,537715435,1
1145,Osman,2,0-186-263-1326,0-728-058-5245,Rachael_Osman6019@atink.com,7,11/14/1991,1,1,304,195,340638811,2
1146,Quinnell,2,5-241-021-2704,5-600-140-4025,Luke_Quinnell1858@famism.biz,2,8/3/2004,1,1,148,525,561382566,1
1147,Walsh,1,1-438-227-0614,7-651-573-8730,Ema_Walsh5213@nickia.com,4,9/26/2019,1,1,532,66,581848304,3
1148,Brown,3,0-825-120-2602,4-528-086-0572,Elly_Brown2836@kideod.biz,6,3/15/1972,0,2,226,44,503524547,1
1149,Shaw,1,2-177-284-6861,3-034-202-6101,Lillian_Shaw9683@jiman.org,7,6/7/1961,1,2,75,87,141044173,2
1150,Knight,2,7-523-540-1331,1-841-015-0774,Makena_Knight8322@dionrab.com,6,6/5/1950,1,3,747,290,32655536,2
1151,Jennson,2,7-453-784-8213,0-336-563-2142,Melania_Jennson5301@grannar.com,4,11/9/1992,1,2,323,563,532146747,3
1152,Janes,2,3-058-774-5323,0-025-858-4407,Paige_Janes2919@bulaffy.com,4,7/28/1957,0,2,444,394,884207476,2
1153,Marshall,2,2-543-811-2447,1-377-764-5538,Francesca_Marshall6868@gembat.biz,5,3/28/2002,1,1,264,12,607173478,2
1154,Devonport,3,0-162-038-2157,7-275-662-2272,Emery_Devonport4151@corti.com,1,3/11/1950,0,2,693,160,361487358,2
1155,Gardner,3,3-254-408-7786,3-340-002-7726,Ronald_Gardner3743@irrepsy.com,4,12/12/1963,0,2,829,74,354164133,2
1156,Stewart,1,6-313-460-2143,0-344-735-6228,Gil_Stewart8827@ubusive.com,4,2/14/1983,1,1,192,681,401204816,1
1157,Hale,3,4-608-037-6507,0-380-653-7220,Tyler_Hale2484@nimogy.biz,7,2/19/1957,0,2,617,934,248372678,2
1158,Emmett,3,3-151-164-5201,4-430-453-3562,Daron_Emmett2467@ovock.tech,4,5/11/1991,0,1,602,276,172603418,2
1159,Porter,2,0-125-536-8475,7-686-427-1732,Ilona_Porter1877@acrit.org,1,12/16/2000,1,3,503,828,420010865,1
1160,Pearson,2,0-175-245-0276,4-481-137-7402,Logan_Pearson6877@zorer.org,7,10/17/1959,1,2,650,737,120662176,1
1161,Jenkins,2,2-160-101-0263,2-034-660-7516,Luke_Jenkins3615@jiman.org,5,9/10/1968,1,2,470,766,677205276,2
1162,Khan,2,4-813-551-6035,8-563-311-4636,Renee_Khan8096@naiker.biz,6,3/1/1966,1,3,149,800,247068041,1
1163,Willson,1,1-412-512-6362,6-226-686-6335,Jade_Willson3745@cispeto.com,8,10/1/1959,3,1,427,966,677776704,1
1164,Robe,1,3-642-130-8846,4-578-462-4576,Ron_Robe660@famism.biz,3,7/13/1963,1,1,199,286,781348284,3
1165,Andrews,3,0-218-354-4663,0-044-404-5042,Joseph_Andrews2175@jiman.org,2,10/22/1983,0,3,129,961,248643537,1
1166,Bayliss,3,6-311-535-7658,0-707-886-6485,Abbey_Bayliss942@gompie.com,1,11/23/1968,0,2,449,126,740735402,3
1167,Jones,2,8-781-355-4853,3-205-843-0115,Oliver_Jones959@dionrab.com,6,6/4/1991,1,3,94,584,545718047,2
1168,Grady,3,3-505-553-8170,1-787-382-2270,Enoch_Grady211@nickia.com,4,10/31/1976,0,3,273,849,36882137,1
1169,Butler,3,5-482-177-5625,7-361-658-2708,Daphne_Butler2586@acrit.org,2,2/22/1989,0,1,880,433,83877818,2
1170,Jarvis,2,0-518-481-6128,5-311-888-6368,Chuck_Jarvis2988@naiker.biz,6,1/11/1967,0,2,198,919,433755455,1
1171,Bailey,3,7-580-418-5343,5-703-535-0581,Rocco_Bailey7253@muall.tech,8,8/27/1968,0,3,551,624,656152260,2
1172,Alldridge,3,3-160-630-8707,4-606-461-6623,Teagan_Alldridge9583@grannar.com,8,6/25/1956,0,1,827,863,826743473,1
1173,Leslie,2,5-166-767-4782,3-005-354-8564,Dakota_Leslie3517@vetan.org,1,11/18/2020,1,1,535,480,446262343,2
1174,Murphy,2,0-356-460-7167,3-433-076-0431,Hanna_Murphy7784@bulaffy.com,5,2/27/1970,1,3,374,100,637560364,2
1175,Wood,1,7-276-443-1530,3-843-145-7677,Tom_Wood4630@zorer.org,5,12/18/1955,0,1,510,934,701121411,1
1176,Adams,3,6-752-521-1725,5-628-635-0237,Greta_Adams3958@nickia.com,2,8/30/2017,0,3,625,856,54604241,3
1177,Parker,2,3-146-202-4113,1-070-817-8825,Taylor_Parker3484@sheye.org,7,2/17/2002,1,1,453,624,676030805,3
1178,Hardwick,3,4-076-840-4231,2-570-770-6718,Rosalyn_Hardwick3231@ubusive.com,4,5/13/1987,0,2,274,500,13832814,3
1179,Wilde,1,2-313-744-4547,7-624-252-4543,Aiden_Wilde9991@nickia.com,5,2/19/1972,0,1,39,237,332283833,2
1180,Cadman,3,3-348-768-6425,8-400-125-8716,Barry_Cadman1937@muall.tech,1,10/24/2019,0,3,378,511,101110860,2
1181,Redwood,2,5-555-213-5785,0-880-674-6123,Winnie_Redwood7256@womeona.net,8,3/21/2019,1,1,544,645,572278764,2
1182,Griffiths,3,2-757-471-3265,8-801-376-2880,Jaylene_Griffiths1483@atink.com,6,10/10/2001,0,1,621,194,686557065,1
1183,Robinson,1,2-654-212-3280,5-433-303-1436,Harvey_Robinson553@deons.tech,7,10/20/1978,1,2,871,249,60508776,2
1184,Gordon,3,3-570-786-5415,3-881-316-5844,Bob_Gordon8178@gmail.com,1,2/6/1970,0,2,446,691,13577147,2
1185,Aldridge,3,3-560-355-7430,3-025-701-8006,Boris_Aldridge6243@bretoux.com,8,11/9/1975,0,2,220,492,427068365,1
1186,Whitmore,1,7-078-886-2057,5-834-662-6816,Havana_Whitmore2356@iatim.tech,1,3/3/1984,3,2,538,752,266647422,2
1187,Briggs,3,1-070-323-4364,7-567-016-1552,Liam_Briggs4249@iatim.tech,5,1/15/1950,0,1,390,201,227460772,2
1188,Hopkins,2,7-740-613-8213,1-432-044-7133,Jane_Hopkins2795@naiker.biz,3,8/25/1979,0,2,334,241,818387443,1
1189,Adams,3,5-804-432-5475,6-270-605-4811,Tyson_Adams7819@gompie.com,6,4/14/2005,0,2,921,58,155218700,2
1190,Savage,1,5-704-524-7085,7-344-704-4428,Skylar_Savage6044@sveldo.biz,4,7/25/2015,1,2,843,854,356632184,3
1191,Lynn,2,3-578-846-1270,7-338-303-6033,Barry_Lynn3982@dionrab.com,3,3/16/2007,1,3,572,567,453708031,3
1192,Cowan,3,4-341-475-7418,0-535-650-8347,Mason_Cowan6623@muall.tech,5,7/10/2019,0,3,824,111,667342502,2
1193,Amstead,3,8-855-441-7088,7-311-550-5674,Cedrick_Amstead8124@tonsy.org,8,4/30/1989,0,2,676,266,102214140,1
1194,Phillips,2,6-834-755-0556,7-136-833-4073,Ryan_Phillips9695@deons.tech,6,11/8/2018,1,1,681,712,171826154,3
1195,Gibbons,3,1-072-653-6205,0-001-104-2333,Roger_Gibbons6666@cispeto.com,1,7/29/1965,0,2,79,515,866772073,1
1196,Goldsmith,3,6-071-176-2002,5-286-568-7816,Danny_Goldsmith4056@vetan.org,5,12/6/1980,0,3,774,856,687816008,3
1197,Plumb,2,1-143-340-8187,0-886-334-0335,Evelynn_Plumb4274@irrepsy.com,2,2/2/1993,1,1,562,368,233181304,1
1198,Whitehouse,1,4-726-345-5014,6-440-200-5408,David_Whitehouse8787@joiniaa.com,6,2/14/1977,3,1,588,420,632023338,2
1199,Tyler,1,6-800-730-1872,6-310-711-5632,Abdul_Tyler999@corti.com,4,4/29/1971,1,2,46,362,687471632,2
1200,Sanchez,1,4-250-647-1375,6-570-182-3204,Denny_Sanchez668@sheye.org,2,4/24/1971,1,1,370,424,106822514,1
1201,Lee,2,6-678-805-6536,2-442-874-8842,Ryan_Lee1642@twipet.com,5,1/8/1962,1,1,527,942,676535810,2
1202,Ventura,1,2-046-317-4107,5-627-684-4055,Denny_Ventura8740@nickia.com,7,6/29/2020,1,2,242,108,548682828,1
1203,Butler,3,2-007-504-3303,3-526-658-5650,Blake_Butler1665@nickia.com,1,1/9/1957,0,2,991,500,310324118,1
1204,Funnell,3,2-057-426-5687,5-403-867-2481,Adina_Funnell9807@naiker.biz,7,7/28/1981,0,1,750,85,436322778,1
1205,Dunbar,3,8-168-580-2108,0-753-384-1350,Carmella_Dunbar7987@extex.org,8,6/10/1994,0,2,435,359,467574762,2
1206,Reyes,2,5-315-667-4574,8-137-054-7488,Teagan_Reyes3610@elnee.tech,1,2/8/2005,1,3,450,297,256732874,2
1207,Thorpe,1,6-737-330-1508,3-663-024-5661,Julius_Thorpe8965@fuliss.net,2,5/17/2019,0,2,428,143,860120386,2
1208,Egerton,3,5-554-170-7358,5-634-532-5137,Percy_Egerton3650@gembat.biz,3,7/16/1973,0,3,692,489,826144600,2
1209,Collins,3,2-536-055-0207,6-316-231-6422,Alexander_Collins4672@liret.org,7,12/10/1993,0,2,735,579,335028804,3
1210,Watson,1,4-224-272-4045,8-533-727-8683,Alan_Watson9924@brety.org,8,1/4/1990,3,1,899,870,255836551,3
1211,Waterson,1,0-834-013-0033,8-836-203-0026,Karla_Waterson3114@irrepsy.com,3,10/26/2017,2,2,576,767,33623510,2
1212,Little,2,1-727-865-1816,1-605-762-2410,Selena_Little2379@brety.org,4,2/15/1959,1,3,863,614,808651503,2
1213,Samuel,1,2-207-151-1477,0-570-833-1201,Marjorie_Samuel5805@typill.biz,3,4/7/1989,1,1,581,857,423385775,2
1214,Long,2,6-844-025-2624,4-123-627-1648,Josh_Long90@iatim.tech,5,3/3/1958,1,1,617,934,265767248,2
1215,Lane,2,7-888-208-0040,4-481-227-6047,Peter_Lane1153@mafthy.com,5,8/23/2015,1,1,880,475,803461345,3
1216,Murphy,2,7-188-850-0417,3-066-821-8463,Matthew_Murphy1324@jiman.org,8,10/11/1985,1,2,440,884,865262031,3
1217,Ebbs,3,1-423-003-0286,7-668-424-3375,Cassandra_Ebbs940@gembat.biz,6,1/7/1954,0,1,82,942,272185157,2
1218,Carter,3,1-623-080-6055,4-005-030-4511,Luke_Carter488@nickia.com,6,8/1/1972,0,2,342,524,16100077,3
1219,Eagle,3,0-668-310-3238,3-258-585-8216,Jack_Eagle6400@deons.tech,3,12/3/1965,0,3,165,128,451726670,1
1220,White,1,5-603-532-3521,6-030-238-3207,Roger_White9349@deons.tech,4,1/1/1966,1,2,682,475,48315351,2
1221,White,1,8-521-240-0186,1-548-806-7602,Brad_White1437@bretoux.com,3,1/26/1956,0,1,159,997,102082216,3
1222,Simpson,1,1-720-883-5740,3-240-417-5217,Emma_Simpson4402@atink.com,1,2/5/1954,1,2,539,718,688052335,3
1223,Exton,3,5-137-547-0455,0-414-807-3877,Mike_Exton8491@iatim.tech,8,1/26/2010,0,1,636,98,681308535,1
1224,Whitehouse,1,3-520-354-3607,7-850-505-6352,Margaret_Whitehouse6705@nickia.com,8,4/28/2009,1,3,781,968,675708647,1
1225,Baker,3,7-422-387-0311,2-813-625-1853,Lucas_Baker7700@bretoux.com,3,9/22/2005,0,3,453,289,563714248,2
1226,Miller,2,1-126-527-6816,0-842-333-3048,Sabrina_Miller1656@twipet.com,7,9/25/1979,1,1,91,706,721138588,1
1227,Reynolds,1,1-815-031-0424,7-531-608-1114,Manuel_Reynolds8350@bauros.biz,5,4/16/1977,1,3,164,95,333727825,2
1228,Gilbert,3,4-357-074-8151,1-222-827-6027,Bob_Gilbert9948@gmail.com,4,3/8/2002,0,3,670,627,137257351,3
1229,Lomax,2,2-062-848-2634,3-345-438-5854,Johnathan_Lomax476@bungar.biz,7,5/1/1959,1,3,611,867,734114135,1
1230,Windsor,1,7-325-658-2164,4-634-750-7253,Maddison_Windsor4234@corti.com,3,11/17/1969,0,3,398,754,505034015,3
1231,Mcneill,2,3-776-760-5020,2-802-142-3270,Ivette_Mcneill3784@supunk.biz,5,8/26/1982,1,3,741,509,501548374,2
1232,Squire,1,5-750-740-2275,6-331-124-2332,Sebastian_Squire2997@acrit.org,5,5/13/1980,1,1,472,700,666410575,1
1233,Gordon,3,2-053-116-7051,8-560-075-2536,Harmony_Gordon622@fuliss.net,8,11/28/2012,0,3,230,910,681040808,3
1234,Archer,3,0-214-438-2156,2-624-473-5743,Ethan_Archer2492@twipet.com,1,2/12/1981,0,3,43,27,863227113,3
1235,Moran,2,1-832-773-1102,7-080-251-6081,Lucas_Moran8975@vetan.org,6,4/2/2018,1,1,316,668,881810231,2
1236,Harris,3,4-647-000-1442,1-402-021-8446,Tyler_Harris9220@bungar.biz,3,10/2/1997,0,2,657,268,876555756,3
1237,Carter,3,2-813-602-6233,1-471-707-6648,Danny_Carter4146@supunk.biz,4,2/9/2011,0,3,795,766,638407832,1
1238,Powell,2,0-657-158-2317,4-341-366-3168,Brad_Powell2076@corti.com,6,7/9/1999,1,3,164,346,68547523,2
1239,Callan,3,8-227-182-0250,1-510-500-0432,Adeline_Callan9412@bulaffy.com,7,10/27/1956,0,1,366,466,245425711,2
1240,Tyler,1,3-400-110-5772,5-278-756-5728,Eryn_Tyler8606@deavo.com,1,11/18/2004,1,3,622,262,424203064,3
1241,Powell,2,3-214-208-7856,3-644-157-4112,Bart_Powell4046@brety.org,2,5/3/1999,1,2,881,619,837153238,2
1242,Crawley,3,2-873-874-0865,8-006-137-0267,Javier_Crawley4186@iatim.tech,8,7/17/1950,0,1,994,436,257300834,2
1243,Jones,2,6-145-374-0477,0-807-116-4736,Zoe_Jones7811@mafthy.com,5,12/12/2013,1,3,311,914,557367638,2
1244,Scott,1,5-386-311-1658,1-080-883-0160,Rosa_Scott9335@bauros.biz,5,10/12/1993,1,1,197,537,427786557,1
1245,Hopkins,2,1-858-578-8538,2-781-547-5408,Mike_Hopkins5696@iatim.tech,1,12/6/1987,0,2,632,205,806533163,1
1246,Carson,3,2-118-011-6123,3-757-873-1102,Michael_Carson2807@bauros.biz,3,5/2/1994,0,3,550,698,45120710,1
1247,Blackburn,3,5-065-836-1772,6-370-613-8581,Phillip_Blackburn5657@twipet.com,1,7/14/1988,0,1,147,232,186774683,3
1248,Nicholls,2,5-077-085-2217,2-256-204-3312,Norah_Nicholls8964@naiker.biz,7,1/17/1965,1,2,358,24,238686385,3
1249,Simpson,1,7-720-208-6588,8-008-601-2280,Alexa_Simpson7470@elnee.tech,4,3/12/1998,1,2,379,409,424014776,2
1250,Reynolds,2,2-828-117-2274,8-851-201-7545,Michaela_Reynolds3756@nickia.com,6,9/28/2015,1,1,615,692,431611754,1
1251,Rixon,1,3-773-414-1210,7-738-416-5072,Clint_Rixon2489@bulaffy.com,3,10/25/2002,1,3,855,310,383635365,1
1252,Lakey,2,2-843-133-7011,8-317-011-1253,Alan_Lakey4319@cispeto.com,5,1/2/1985,1,2,534,374,443415355,2
1253,Hobson,3,6-670-371-5025,4-868-413-7607,Carmella_Hobson9381@gompie.com,6,12/31/1957,0,1,366,728,816718050,1
1254,Overson,2,1-150-742-7321,6-230-001-7074,Georgia_Overson7167@brety.org,2,5/24/1992,1,2,116,768,742370408,3
1255,Wooldridge,1,5-134-014-8610,7-206-544-6473,Julius_Wooldridge9081@hourpy.biz,5,6/8/2015,0,3,210,783,650061781,2
1256,Antcliff,3,5-721-708-5503,3-775-263-2445,Angelica_Antcliff3006@ubusive.com,1,4/11/1975,0,3,570,649,627444237,2
1257,Brock,3,2-026-224-4704,4-213-030-8287,Joseph_Brock6806@zorer.org,1,10/17/1992,0,3,10,875,255033873,1
1258,Simmons,1,7-130-748-8527,1-420-043-3257,Alessandra_Simmons6613@guentu.biz,7,7/5/1960,1,1,142,62,734118327,2
1259,Lewin,2,1-126-726-7322,6-844-883-8761,Agnes_Lewin4040@vetan.org,3,6/2/1954,1,1,30,975,504633167,3
1260,Swan,1,4-754-744-7550,7-606-608-8181,Phoebe_Swan2047@naiker.biz,6,4/18/1974,1,2,449,128,45151552,1
1261,Hopkinson,2,2-764-586-0030,6-884-381-3336,Hadley_Hopkinson1209@bauros.biz,2,3/21/1953,0,1,106,33,313321315,3
1262,Bowen,3,6-315-162-2065,0-736-008-5556,Phoebe_Bowen9097@nimogy.biz,2,1/30/1991,0,2,63,922,653133232,2
1263,Edler,3,7-107-763-3001,1-404-144-8828,Tyler_Edler1269@qater.org,8,3/9/1987,0,3,659,530,670277840,1
1264,Redfern,2,6-708-450-3273,0-186-288-7180,Jackeline_Redfern1767@nanoff.biz,1,3/23/1986,1,3,600,12,74357104,3
1265,Bailey,3,8-738-650-0225,8-778-356-6877,Ivette_Bailey975@muall.tech,4,1/27/2013,0,3,606,210,22057665,2
1266,Powell,2,1-147-087-8414,6-317-860-1322,Parker_Powell6813@guentu.biz,4,11/4/2019,1,3,531,270,843540705,1
1267,York,1,0-675-112-3320,6-222-762-7868,Mason_York9598@sveldo.biz,5,8/23/1990,1,1,310,864,855120515,1
1268,Snell,1,6-010-241-7816,2-005-454-1084,Tess_Snell5508@gompie.com,6,3/3/1984,1,3,4,604,735330345,2
1269,Moore,2,7-344-013-7357,6-261-413-1254,Rose_Moore9885@jiman.org,5,7/6/1987,1,2,862,182,158670863,1
1270,Thompson,1,5-732-610-5016,3-061-780-3742,Caleb_Thompson6441@hourpy.biz,6,5/27/1955,1,1,386,27,635848288,2
1271,Wright,1,0-824-313-7105,2-247-221-2264,Kieth_Wright983@ovock.tech,7,3/30/2003,0,3,284,919,630176203,2
1272,Hood,3,2-100-755-4857,4-676-211-4815,Jazmin_Hood4211@nimogy.biz,2,5/14/2011,0,3,513,346,361625233,3
1273,Emmett,3,2-873-502-8204,4-647-318-6553,Esmeralda_Emmett7922@sheye.org,8,2/12/1973,0,3,998,768,85358486,1
1274,Powell,2,5-542-441-3371,4-252-135-7205,Julian_Powell7149@extex.org,6,5/21/1982,1,2,305,799,710018528,1
1275,Andersson,3,2-184-330-1681,1-624-105-0772,Paula_Andersson85@mafthy.com,7,9/12/1995,0,3,248,351,182528065,1
1276,Farrow,3,6-515-416-2383,1-240-443-0288,Logan_Farrow7478@ovock.tech,5,3/16/2010,0,1,261,160,361847008,1
1277,Attwood,3,1-201-628-1033,3-535-118-7036,Doug_Attwood3738@gembat.biz,2,7/11/1959,0,1,598,309,514650465,2
1278,Pratt,2,1-166-481-4047,8-082-483-4368,Claire_Pratt941@muall.tech,1,12/29/2017,1,2,421,307,228555658,2
1279,Saunders,1,3-866-816-2210,7-722-761-1650,Caleb_Saunders9881@infotech44.tech,3,7/27/2002,1,2,354,33,13812055,3
1280,Nelson,2,5-766-737-7320,5-278-704-3367,Bob_Nelson4435@dionrab.com,5,3/9/2012,1,3,504,813,236126683,3
1281,Tailor,1,8-755-150-6044,8-137-100-7226,Rosemary_Tailor5139@nickia.com,7,3/6/2018,1,2,634,563,143155620,2
1282,Gilmour,3,6-514-680-3280,5-568-310-2418,Jacob_Gilmour6373@jiman.org,3,12/5/1973,0,1,591,237,34477574,3
1283,Becker,3,7-462-137-8160,2-332-715-6251,Hazel_Becker6511@bauros.biz,5,8/21/2011,0,2,210,859,448268134,1
1284,Isaac,2,2-854-615-2830,5-387-510-5104,Eden_Isaac5427@brety.org,2,7/16/1993,0,3,416,744,138843351,2
1285,Douglas,3,6-707-261-7425,2-636-634-7307,Michael_Douglas5029@ovock.tech,6,11/4/1968,0,1,774,802,271701785,3
1286,Osmond,2,2-663-617-8383,8-327-011-7248,Carmella_Osmond5006@irrepsy.com,7,5/12/1995,1,2,693,749,382700055,2
1287,Bryson,3,0-256-456-8755,2-802-580-3017,Alexander_Bryson5764@vetan.org,3,1/14/1971,0,1,28,913,703000266,3
1288,Rainford,2,5-028-552-0860,0-250-757-1400,Hadley_Rainford3036@gembat.biz,4,12/12/1978,1,2,386,550,112616736,2
1289,Hamilton,3,1-515-555-2417,1-341-832-4706,Hank_Hamilton2537@typill.biz,5,10/22/2013,0,1,965,211,435181418,1
1290,Palmer,2,8-445-062-5215,7-800-710-4387,Andie_Palmer7170@qater.org,2,7/5/2003,1,3,689,631,178310003,1
1291,Thomas,1,2-888-553-2815,8-375-078-0366,Hannah_Thomas43@yahoo.com,1,5/14/1958,3,1,715,773,378783378,3
1292,Dobson,3,4-216-378-0202,8-800-331-4088,Maya_Dobson4618@typill.biz,6,3/12/1953,0,2,652,460,825243244,1
1293,Morley,2,6-378-860-7557,8-286-385-4767,Hailey_Morley8384@muall.tech,1,7/12/1991,1,1,915,241,353554075,1
1294,Hunter,2,1-014-518-1377,8-458-771-7482,Marigold_Hunter1724@grannar.com,4,5/22/1964,0,3,300,72,347537742,1
1295,Egerton,3,2-167-622-7577,5-842-626-7108,Rylee_Egerton82@naiker.biz,1,7/24/2004,0,2,149,604,655151535,2
1296,Rosenbloom,1,6-205-385-3521,4-448-033-3850,Marla_Rosenbloom5262@liret.org,3,10/26/1985,1,1,133,491,673700151,1
1297,Cooper,3,5-584-516-5485,8-680-104-6543,Savannah_Cooper4518@vetan.org,3,5/29/1977,0,2,684,623,776655110,2
1298,Ring,1,3-078-862-8032,4-620-773-1448,Jaylene_Ring7796@yahoo.com,3,11/8/1972,1,1,36,993,345876420,1
1299,Townend,1,6-567-558-0258,8-067-527-4607,Luna_Townend3748@bretoux.com,2,4/20/1989,3,2,792,47,864148308,3
1300,Vaughn,1,6-833-677-3067,6-408-166-8024,Melody_Vaughn215@deons.tech,8,7/6/1956,0,1,307,950,307330767,3
1301,Morris,2,3-306-024-6160,0-472-161-2532,Abdul_Morris6867@nanoff.biz,8,10/8/1996,1,3,321,376,37585407,3
1302,Redden,2,2-227-281-8585,7-420-227-0535,Maddison_Redden5981@zorer.org,5,4/18/1980,1,3,1,196,462540204,1
1303,Yang,1,6-034-650-0763,2-251-363-6158,Julian_Yang5430@naiker.biz,4,9/23/1987,0,1,941,24,211148063,2
1304,Saunders,1,0-680-407-0123,2-808-663-6276,Alan_Saunders591@gompie.com,7,6/11/2016,1,2,802,590,244454237,2
1305,Aldridge,3,1-087-452-1117,1-148-737-2484,Ron_Aldridge739@twipet.com,4,12/23/1955,0,1,733,84,425487112,2
1306,Rosenbloom,1,4-210-835-0345,1-207-327-5385,Maddison_Rosenbloom5254@famism.biz,7,6/28/1974,1,2,461,799,300605750,3
1307,Shea,1,4-810-888-4007,4-080-877-8158,Marvin_Shea422@brety.org,6,5/9/1975,1,1,188,94,555271541,3
1308,Potts,2,3-851-006-4420,0-871-034-4702,Leroy_Potts5872@nimogy.biz,7,5/3/1987,1,1,919,862,417224875,1
1309,Hobbs,3,0-583-423-2166,0-075-203-1603,Daron_Hobbs4854@guentu.biz,7,3/3/1964,0,1,473,588,627065121,1
1310,Franks,3,3-507-240-7664,2-700-222-5244,Olivia_Franks847@famism.biz,4,8/3/1967,0,2,901,363,430503041,2
1311,Jackson,2,7-682-610-6007,4-084-660-7787,Liam_Jackson2561@bauros.biz,4,8/1/2010,0,1,623,132,341114010,3
1312,Poole,2,8-735-302-3728,6-576-781-0765,Wade_Poole2932@iatim.tech,6,3/28/1974,1,1,994,15,88846756,1
1313,Neville,2,2-565-781-7637,2-510-358-3500,Mayleen_Neville6771@jiman.org,1,2/24/1990,1,2,897,267,784542811,2
1314,Kennedy,2,2-750-371-4660,7-030-363-1702,Erick_Kennedy3744@nimogy.biz,4,1/5/1954,1,2,471,571,406187442,3
1315,Rothwell,1,4-614-142-4532,3-668-461-0023,Estrella_Rothwell8266@bretoux.com,7,12/21/2007,1,3,745,152,356207742,1
1316,Jennson,2,3-864-700-7401,3-857-204-1521,Penny_Jennson7409@qater.org,8,3/7/1965,1,1,210,638,847067553,2
1317,Hill,3,4-330-077-5057,1-771-007-1586,Holly_Hill8289@muall.tech,6,9/8/1951,0,2,978,725,586265306,1
1318,Roman,1,5-235-173-3125,8-315-262-7543,Callie_Roman8045@naiker.biz,8,8/19/2015,1,1,913,758,82281223,3
1319,Bradshaw,3,0-784-343-3028,7-886-642-2846,Gwen_Bradshaw8593@liret.org,7,8/7/1993,0,1,615,108,776623638,1
1320,Turner,1,0-088-365-8255,0-440-252-2602,Martin_Turner8538@ovock.tech,2,2/9/1968,2,2,352,349,508824406,3
1321,Parsons,2,8-104-881-8372,0-441-367-7308,Fiona_Parsons4448@irrepsy.com,6,9/27/1986,1,3,115,450,463005887,3
1322,Cowan,3,1-124-853-8162,3-758-562-8850,Gwen_Cowan4467@twace.org,5,4/24/1992,0,1,404,86,706068565,2
1323,Woodcock,1,8-138-428-2540,6-415-515-1873,Sabina_Woodcock76@gembat.biz,6,1/24/2018,2,1,291,4,207767363,1
1324,Whitmore,1,0-161-140-4460,8-285-265-5736,Emerald_Whitmore3732@qater.org,8,9/8/1964,1,2,23,835,256814418,1
1325,Rivers,1,7-673-468-7104,1-744-121-3332,Wade_Rivers3091@gembat.biz,5,6/26/1954,1,1,806,558,370104726,1
1326,Miller,2,3-787-458-6607,8-127-600-4441,Lindsay_Miller6910@gompie.com,2,10/17/2010,1,2,102,265,621410872,2
1327,Gibbons,3,5-763-544-1440,3-107-442-2822,Nate_Gibbons7886@deons.tech,1,9/2/2001,0,2,378,965,31133843,2
1328,Eaton,3,1-853-405-6348,1-080-431-2482,Michael_Eaton7852@joiniaa.com,8,5/12/1956,0,2,69,607,521583613,1
1329,York,1,5-616-064-7814,7-710-167-7378,Benny_York9542@bungar.biz,1,12/9/1977,1,3,636,94,21014107,1
1330,May,2,6-740-846-5877,7-277-487-5127,Doug_May3535@zorer.org,4,2/3/1974,1,2,839,937,338655766,2
1331,Roberts,1,3-747-301-4707,5-060-228-8811,Blake_Roberts1136@extex.org,6,6/26/2009,1,3,253,15,404510832,1
1332,Baker,3,3-766-702-4182,8-021-012-1237,Isla_Baker2068@acrit.org,1,5/18/1983,0,1,835,221,368232572,3
1333,Wooldridge,1,1-302-576-4840,1-668-365-4143,Mike_Wooldridge6113@irrepsy.com,4,11/6/1979,3,1,158,985,504428562,3
1334,Alcroft,3,8-708-535-3620,8-625-375-6447,Carl_Alcroft3680@nickia.com,4,10/23/2020,0,3,947,705,880755751,2
1335,Locke,2,2-881-161-2035,2-821-135-0662,Brad_Locke4466@extex.org,6,11/27/1999,1,3,981,716,343058220,3
1336,Norton,2,3-208-050-3276,6-455-607-8542,Ryan_Norton584@qater.org,8,4/22/1955,1,2,539,665,454535430,3
1337,Raven,2,7-562-067-8573,6-660-512-0600,Valentina_Raven5336@famism.biz,2,8/18/2012,1,1,302,298,382418352,1
1338,Blackburn,3,3-356-011-6146,8-120-868-6511,Mabel_Blackburn7878@extex.org,1,12/17/1975,0,3,1,881,787037732,2
1339,Wallace,1,8-878-776-1778,0-657-451-1467,Tyler_Wallace8557@joiniaa.com,8,6/29/1999,3,1,221,123,830618601,1
1340,Veale,1,5-221-501-3608,1-821-436-1884,Manuel_Veale1799@liret.org,8,3/22/2011,1,3,116,403,302522446,2
1341,Cobb,3,3-168-368-7326,6-075-608-0418,Blake_Cobb2423@dionrab.com,1,5/13/2013,0,1,637,567,404248617,1
1342,Powell,2,0-478-376-1338,6-176-736-4537,Nina_Powell8177@jiman.org,6,10/22/1959,1,1,102,178,226507765,2
1343,Rust,1,4-608-066-8803,4-478-408-1105,Julian_Rust7145@nickia.com,7,9/21/1950,1,2,945,81,241704427,2
1344,Lambert,2,6-315-735-6484,3-302-712-8032,Erin_Lambert6655@brety.org,7,3/11/1962,1,3,599,638,610472128,1
1345,Pratt,2,4-120-817-4566,5-813-880-3848,Matt_Pratt1870@womeona.net,1,2/7/1974,1,2,371,578,546880150,1
1346,Hunter,2,8-304-111-3468,4-180-854-5104,Noah_Hunter8473@bauros.biz,1,3/25/1958,0,1,685,339,166382665,3
1347,Jacobs,2,4-368-683-3534,0-783-184-3416,Percy_Jacobs467@gompie.com,4,7/10/1986,0,2,376,971,284400078,2
1348,Smith,1,2-344-416-5420,6-226-521-6262,Freya_Smith4873@hourpy.biz,7,6/14/1973,1,1,323,349,452575307,3
1349,Moran,2,8-653-301-4710,0-312-480-8805,Isla_Moran8405@tonsy.org,1,11/26/2007,1,2,775,154,710136524,2
1350,Morrow,2,7-212-085-2314,8-222-717-2062,Jayden_Morrow2877@atink.com,2,7/13/1967,1,3,937,452,514836773,1
1351,King,2,6-060-468-3883,6-527-843-5080,Denis_King7479@gmail.com,7,5/22/2011,1,2,820,707,570284047,2
1352,Ripley,1,8-242-812-7482,7-828-466-5186,Matthew_Ripley8966@womeona.net,7,2/10/2008,1,1,327,982,761327850,3
1353,Rosenbloom,1,6-885-777-5657,0-563-756-1457,Alexia_Rosenbloom3327@bretoux.com,6,10/24/1963,1,3,528,296,582083803,2
1354,Hardwick,3,5-077-271-8765,0-045-364-8752,Sonya_Hardwick6831@kideod.biz,2,2/19/2019,0,2,296,242,456371721,3
1355,Watson,1,5-280-338-5232,8-317-080-2713,Charlotte_Watson8704@yahoo.com,7,10/8/1994,3,1,252,287,340346005,2
1356,Power,2,6-272-017-6161,2-458-671-1100,Jacqueline_Power8035@joiniaa.com,6,4/13/2006,1,2,329,651,301748454,2
1357,Palmer,2,4-022-171-4238,8-517-708-5607,Nick_Palmer3535@gmail.com,7,1/26/1969,1,1,725,527,314233535,3
1358,Blackburn,3,8-813-211-7416,4-141-513-5588,Nicholas_Blackburn5773@brety.org,4,7/9/1990,0,3,576,935,43336718,1
1359,Miller,2,2-662-475-4871,2-688-540-8556,Rocco_Miller5917@tonsy.org,2,4/23/1995,1,1,290,718,223507558,2
1360,Vincent,1,3-305-075-3688,4-228-137-5810,Jayden_Vincent2423@typill.biz,6,10/19/1962,2,1,242,47,456806671,1
1361,Ellery,3,8-571-142-6343,2-163-267-2177,Mara_Ellery6591@dionrab.com,6,1/28/1994,0,2,380,216,417646113,1
1362,Allen,3,6-850-431-6253,1-647-741-0211,Kaylee_Allen8388@hourpy.biz,7,8/8/1965,0,1,959,72,645025273,3
1363,Mcgee,2,1-241-870-1215,6-281-385-5361,Jenna_Mcgee1820@gembat.biz,4,12/6/1967,1,1,821,707,664241580,3
1364,Denton,3,1-224-555-5280,7-618-338-8428,Chelsea_Denton5802@twipet.com,8,7/15/1961,0,1,525,209,118647744,3
1365,Savage,1,8-150-584-1848,1-152-322-1762,Adelaide_Savage4336@mafthy.com,5,10/31/1993,1,3,398,473,532728253,1
1366,Randall,2,3-607-334-2770,8-184-535-5314,Alison_Randall3145@naiker.biz,6,3/23/1978,1,2,963,52,360627113,2
1367,Douglas,3,8-272-166-5735,3-624-731-8560,Courtney_Douglas9667@qater.org,6,1/26/1976,0,3,914,437,778532632,3
1368,Wills,1,1-863-682-7181,5-107-804-8483,Benny_Wills3830@bungar.biz,5,3/28/1971,0,1,923,189,238621010,2
1369,Martin,2,2-804-156-1164,2-070-467-7334,Tony_Martin6789@famism.biz,2,6/15/1999,1,2,995,442,45260868,2
1370,Dale,3,0-667-277-7845,1-242-376-7734,Doug_Dale9539@extex.org,7,8/25/1999,0,2,999,250,383566245,3
1371,Roscoe,1,4-152-716-0408,7-460-863-5677,Peter_Roscoe1102@twace.org,2,10/19/1962,1,1,325,380,180227873,3
1372,Gilmore,3,4-522-845-6710,1-173-132-6641,Liliana_Gilmore9479@joiniaa.com,5,7/28/2013,0,2,40,775,802208621,2
1373,Burge,3,4-737-320-1037,2-560-685-3837,Jacob_Burge5681@twace.org,4,12/20/1957,0,2,809,868,433783661,2
1374,Boyle,3,7-174-721-0260,8-541-777-5476,Jolene_Boyle1781@fuliss.net,4,2/10/1975,0,3,358,634,757855331,2
1375,Forth,3,3-451-476-0002,1-860-274-1164,Hope_Forth9418@twace.org,1,10/3/1991,0,3,620,410,414741720,2
1376,Goodman,3,2-371-082-0810,5-578-827-8050,Marissa_Goodman2433@deavo.com,8,6/14/2006,0,3,843,904,3618253,2
1377,Cameron,3,0-551-717-5343,2-344-423-2854,Penelope_Cameron1456@irrepsy.com,2,3/7/1990,0,3,595,209,16715478,3
1378,Nicholls,2,8-675-623-3447,0-637-216-5446,Johnathan_Nicholls6575@bretoux.com,7,3/5/1980,1,2,681,406,515212086,3
1379,Smith,1,3-816-686-6484,5-858-557-2012,Hayden_Smith8868@bretoux.com,3,7/23/1952,1,1,885,135,714762878,2
1380,Locke,2,7-668-877-7417,7-663-051-0023,Clint_Locke9166@famism.biz,3,1/8/2004,1,1,589,802,266567835,3
1381,Dubois,3,0-230-071-1768,2-046-651-4178,Rick_Dubois881@joiniaa.com,4,9/5/2018,0,1,520,554,513347310,3
1382,Freeburn,3,0-243-625-7128,3-150-206-1625,George_Freeburn8765@deons.tech,2,7/20/1966,0,3,649,664,665006803,1
1383,Baker,3,6-160-221-8670,4-616-323-3652,Russel_Baker9925@gmail.com,7,10/12/1958,0,1,555,499,521742235,3
1384,Porter,2,5-033-833-1638,7-555-113-4566,Diane_Porter1023@irrepsy.com,1,7/20/1963,1,1,764,400,730524860,3
1385,Irving,2,2-680-653-1728,4-708-786-8428,Josh_Irving1815@muall.tech,2,8/12/1981,0,1,877,147,775661205,3
1386,Ulyatt,1,5-801-856-2222,3-012-686-3763,Naomi_Ulyatt1864@joiniaa.com,1,1/24/1954,2,1,138,384,78640702,3
1387,Jenkin,2,2-321-838-1405,4-233-467-1376,Manuel_Jenkin6007@famism.biz,3,8/18/1956,1,2,628,51,154354560,1
1388,Kelly,2,5-705-070-4167,3-554-138-4461,Goldie_Kelly2757@joiniaa.com,1,12/4/1981,1,3,945,900,442371660,3
1389,Campbell,3,6-787-175-2144,3-607-083-4162,Angela_Campbell4037@qater.org,6,8/29/1965,0,2,715,380,645284317,2
1390,Bayliss,3,6-420-024-8708,5-580-573-4748,Francesca_Bayliss6306@joiniaa.com,2,10/23/2002,0,3,99,256,655080008,2
1391,Taylor,1,1-684-405-2444,1-765-121-6165,Manuel_Taylor4969@eirey.tech,7,11/17/2015,1,1,193,240,587505042,3
1392,Gardner,3,3-087-276-2012,1-133-464-5741,Phillip_Gardner895@eirey.tech,7,12/4/1990,0,3,889,969,262611432,2
1393,Vincent,1,3-361-115-6235,7-247-070-1374,Luna_Vincent2986@joiniaa.com,5,11/29/2020,1,1,708,238,166886852,3
1394,Tobin,1,6-200-383-8445,5-006-668-7736,Blake_Tobin2019@bulaffy.com,5,8/12/2020,2,3,259,53,825687476,1
1395,Glass,3,3-441-281-3111,7-647-433-8670,Manuel_Glass57@corti.com,8,11/11/2010,0,3,335,711,288408686,3
1396,Tate,1,6-174-763-7121,6-536-102-2545,Molly_Tate863@tonsy.org,8,3/27/1970,1,2,883,390,516215885,1
1397,Burnley,3,1-034-135-6284,0-882-176-0662,Brooklyn_Burnley4726@dionrab.com,6,7/24/1970,0,2,400,514,344760870,2
1398,Whatson,1,1-327-388-7218,8-744-553-8073,Russel_Whatson740@joiniaa.com,5,3/28/2017,3,3,978,952,286504208,3
1399,Ramsey,2,8-328-674-3227,7-075-720-6813,Abdul_Ramsey9914@elnee.tech,8,3/5/1994,1,1,606,277,521636384,2
1400,Jackson,2,1-158-613-1666,2-162-844-4534,Johnathan_Jackson1994@gembat.biz,4,10/14/1971,0,2,995,446,8787051,2
1401,Harrington,3,8-423-762-7862,2-763-132-5436,Adela_Harrington8457@nickia.com,2,11/28/2018,0,2,308,497,84224561,3
1402,Flanders,3,1-474-326-0300,6-018-426-1136,Benjamin_Flanders7647@mafthy.com,3,3/11/1964,0,2,463,482,250534324,2
1403,Tennant,1,0-045-721-8845,8-010-277-4707,Deborah_Tennant500@bungar.biz,3,7/6/1997,1,1,532,114,531723727,1
1404,Page,2,5-544-766-5755,8-740-687-1845,Chad_Page5786@deons.tech,1,6/12/1992,1,2,759,871,304877454,2
1405,Bennett,3,3-112-406-0007,1-127-062-0183,Manuel_Bennett728@joiniaa.com,7,9/21/1952,0,3,289,846,151717847,3
1406,Moreno,2,6-846-408-7154,4-752-111-8217,Martin_Moreno689@cispeto.com,4,9/11/1981,1,1,913,105,523365256,3
1407,Dann,3,4-337-212-4678,8-155-427-7341,Valentina_Dann5880@liret.org,3,9/7/2004,0,1,541,962,554088434,3
1408,Spencer,1,3-753-475-4727,7-281-180-2265,Carter_Spencer4521@sveldo.biz,7,10/27/1981,1,3,240,155,564858048,3
1409,Hood,3,8-833-130-8343,5-405-337-7812,Mike_Hood3505@vetan.org,2,11/10/2012,0,1,646,438,370205156,2
1410,Cobb,3,8-517-462-0377,7-440-018-6107,Eileen_Cobb5531@tonsy.org,1,7/18/1986,0,2,241,665,684243130,3
1411,Giles,3,0-644-212-0033,3-808-207-0656,Hazel_Giles2135@sveldo.biz,6,12/31/2019,0,3,682,201,665514081,1
1412,Niles,2,5-656-416-1733,4-746-348-3223,Michael_Niles2090@ovock.tech,3,11/24/1998,1,3,251,929,646335530,3
1413,Thomas,1,0-146-022-5778,2-535-608-1236,Bridget_Thomas4826@supunk.biz,7,7/3/1972,3,2,921,123,551744665,1
1414,Whitehouse,1,5-202-514-7061,7-151-278-2002,Gwen_Whitehouse9881@eirey.tech,2,9/19/2019,2,3,558,400,880550540,3
1415,Hopkinson,2,8-755-631-1111,6-670-166-2010,Juliette_Hopkinson1397@womeona.net,8,2/19/1976,0,2,827,710,867435474,1
1416,Lane,2,3-380-708-7218,5-501-148-8340,Kurt_Lane9763@yahoo.com,7,4/16/1959,1,3,77,92,553435510,3
1417,Gavin,3,0-284-326-4550,0-082-871-2588,Doug_Gavin9390@extex.org,7,2/17/1957,0,3,442,227,2327377,1
1418,Wills,1,7-170-441-0781,1-803-072-1384,Angelica_Wills1531@infotech44.tech,4,1/18/2011,0,2,107,702,20140377,2
1419,Chadwick,3,4-446-717-8486,6-585-220-2561,Matt_Chadwick6163@vetan.org,6,8/22/1986,0,2,946,138,527356844,3
1420,Ashwell,3,5-136-244-1873,4-137-647-2471,Cherish_Ashwell6328@infotech44.tech,3,2/25/2019,0,3,406,172,118111848,2
1421,Parker,2,7-364-467-0231,2-286-026-3866,Rosalee_Parker4850@mafthy.com,4,9/27/1993,1,3,220,293,411685608,2
1422,Cooper,3,8-342-457-6543,2-448-281-1318,Ronald_Cooper758@dionrab.com,2,11/8/1991,0,2,217,406,470855850,3
1423,Gray,3,6-201-688-1532,4-206-484-0331,Ciara_Gray590@guentu.biz,2,8/21/1975,0,3,903,541,715880738,1
1424,Redwood,2,2-480-747-2321,5-748-385-4802,Destiny_Redwood5822@guentu.biz,2,2/13/2003,1,3,243,368,88664507,2
1425,Stevens,1,3-464-647-1313,0-676-580-8831,Adelaide_Stevens7488@joiniaa.com,1,3/24/1990,1,3,383,170,238861455,2
1426,Flanders,3,3-276-348-3240,2-273-615-2781,Julius_Flanders9192@grannar.com,7,2/16/1994,0,3,524,278,670112013,3
1427,Bradley,3,1-866-315-4008,0-076-228-2571,Rick_Bradley8417@jiman.org,6,8/23/1957,0,3,992,657,711470048,2
1428,Wilson,1,1-480-347-5553,6-047-212-0373,Mason_Wilson211@grannar.com,6,12/23/1988,2,3,552,911,2455046,1
1429,Campbell,3,4-467-151-6260,6-841-826-6784,Johnathan_Campbell9139@bretoux.com,8,8/11/1969,0,2,907,700,336628126,1
1430,Kelly,2,4-574-228-4767,2-858-342-8674,Daria_Kelly3443@deons.tech,3,8/5/1986,1,2,806,497,554584718,3
1431,Salt,1,3-626-341-3640,4-806-504-0343,Ronald_Salt7631@mafthy.com,7,6/30/1996,1,3,41,932,745342374,3
1432,Terry,1,0-300-836-3861,1-220-763-8641,Carmella_Terry8397@twipet.com,5,7/6/2005,1,1,161,125,374717625,2
1433,Yarlett,1,2-502-360-4656,3-001-182-8617,Lucas_Yarlett5856@iatim.tech,2,4/21/1965,1,3,868,112,718623,3
1434,Murphy,2,4-135-257-0715,2-615-147-4145,Hadley_Murphy4739@muall.tech,3,10/18/1993,1,2,254,682,468232544,1
1435,Ripley,1,0-714-478-5148,7-128-853-7888,Ronald_Ripley9739@muall.tech,6,1/25/1971,1,2,789,417,662263283,2
1436,Giles,3,5-071-847-6321,3-568-524-0728,Mike_Giles5392@deons.tech,5,1/6/1967,0,3,332,470,428756110,3
1437,Rust,1,6-041-223-1431,4-010-410-6121,Nina_Rust2929@qater.org,5,7/7/2019,1,2,126,169,538813826,1
1438,Williams,1,6-853-351-0412,3-375-217-5612,Joseph_Williams2755@iatim.tech,7,8/28/1958,1,2,57,854,687188112,2
1439,Dillon,3,7-742-233-6385,3-326-873-3236,Goldie_Dillon4508@bauros.biz,4,4/1/1980,0,2,26,417,406206455,3
1440,Devonport,3,3-883-427-4016,6-674-076-0104,Emerald_Devonport9593@bauros.biz,2,1/5/1994,0,3,901,848,405325133,1
1441,Shepherd,1,7-747-862-6878,8-264-278-8185,Chadwick_Shepherd6335@bretoux.com,3,9/9/1969,1,1,833,706,521878648,2
1442,Cobb,3,3-174-272-6480,5-688-434-2474,Owen_Cobb4178@jiman.org,8,7/29/2019,0,2,876,452,185264170,2
1443,Bright,3,6-660-872-2308,8-051-636-7431,Rosemary_Bright8653@twipet.com,3,4/15/1988,0,1,27,405,474005163,1
1444,Wellington,1,3-863-188-0132,4-018-526-4486,Mason_Wellington2435@infotech44.tech,1,12/13/1973,2,2,5,827,666718455,2
1445,Cobb,3,1-222-717-1717,0-875-125-6243,Marvin_Cobb5567@extex.org,6,5/15/1976,0,1,483,720,338246257,3
1446,Anderson,3,1-057-017-4837,0-706-245-7062,Chester_Anderson7952@sveldo.biz,8,5/18/1998,0,1,108,243,768664210,3
1447,Mcnally,2,3-412-002-4640,1-858-234-7876,Sage_Mcnally4804@irrepsy.com,8,1/6/2020,1,1,561,58,587563801,1
1448,Nicolas,2,7-617-234-5252,4-464-252-6367,Carl_Nicolas1193@gmail.com,4,2/21/2005,1,3,633,62,368041153,3
1449,Irving,2,0-426-822-6341,4-558-368-8504,Kirsten_Irving6519@ovock.tech,4,10/4/1969,0,3,195,241,170223773,2
1450,Robertson,1,6-757-387-5053,7-206-624-5556,Rufus_Robertson9570@gmail.com,1,12/10/1996,1,1,293,619,51758115,2
1451,Webster,1,6-640-086-8135,1-431-817-8254,Nicholas_Webster3381@tonsy.org,5,4/25/1966,1,3,15,708,468811136,2
1452,Moreno,2,5-576-025-0453,6-180-166-2317,Chad_Moreno6743@extex.org,6,3/15/1986,1,1,836,671,55222601,3
1453,Robinson,1,5-526-250-7005,2-785-248-7116,Mark_Robinson7239@grannar.com,3,11/10/1958,1,3,485,350,245255510,2
1454,Silva,1,6-713-786-7764,4-578-608-7341,Louise_Silva5225@mafthy.com,4,2/7/1990,1,2,556,360,466185827,1
1455,Holmes,3,6-375-765-5865,3-570-364-5757,Tania_Holmes4007@infotech44.tech,6,1/17/1986,0,3,235,3,688848783,3
1456,Mills,2,6-633-755-8344,7-387-118-8835,Doris_Mills2058@nickia.com,8,2/8/1958,1,2,441,568,757036042,1
1457,Robe,1,4-716-451-0028,5-861-365-0416,Violet_Robe5086@jiman.org,3,5/13/2010,1,1,571,511,64155104,3
1458,Greenwood,3,1-800-156-1767,2-167-828-7864,Tony_Greenwood7663@deons.tech,1,5/26/2001,0,3,390,709,512261600,3
1459,Darcy,3,4-010-345-0675,2-868-720-6728,Tony_Darcy8452@mafthy.com,1,4/3/1966,0,1,593,122,454768713,3
1460,Wilcox,1,7-204-632-0817,8-165-676-4724,Mark_Wilcox2323@bulaffy.com,2,8/4/1978,0,3,165,47,623258547,1
1461,Hogg,3,2-457-668-3755,8-521-214-2065,Aiden_Hogg9753@extex.org,7,11/25/2008,0,3,961,132,433514545,1
1462,Lomax,2,8-473-706-7367,7-575-168-6057,Ronald_Lomax8447@hourpy.biz,3,9/22/2008,1,3,550,82,640660740,2
1463,Tailor,1,5-847-150-0231,5-110-613-1484,Martha_Tailor2826@eirey.tech,5,8/17/1971,1,2,995,302,800436843,1
1464,Bell,3,1-328-748-6707,5-078-044-1315,Benjamin_Bell3385@bulaffy.com,1,7/1/1981,0,3,510,324,366624021,2
1465,Archer,3,4-184-533-3488,2-611-851-5780,Lauren_Archer1022@bauros.biz,3,5/4/2015,0,1,720,569,284868540,2
1466,Jarrett,2,7-511-831-4866,3-122-218-3487,Nicholas_Jarrett4855@zorer.org,6,5/30/2006,0,3,600,80,16641021,3
1467,Veale,1,5-855-564-1153,2-581-471-0263,Brad_Veale6475@hourpy.biz,3,10/20/2005,1,3,994,53,248027514,3
1468,Summers,1,7-207-360-3842,3-685-627-2687,Jayden_Summers9854@ubusive.com,5,2/2/1987,1,1,537,965,625744765,3
1469,Taylor,1,4-351-278-4776,6-640-227-0804,Lauren_Taylor2061@hourpy.biz,5,11/28/1978,1,2,536,562,741034727,1
1470,Potts,2,4-683-446-7411,6-078-808-0533,Danny_Potts4298@liret.org,5,2/10/1990,1,2,443,714,726321242,1
1471,Forester,3,5-588-323-2873,0-857-672-1041,Isabella_Forester9705@bulaffy.com,1,9/13/1978,0,3,391,865,256203368,1
1472,Poole,2,5-002-127-1664,1-773-505-3680,Daria_Poole9294@twipet.com,7,7/28/2003,1,2,491,187,625546625,3
1473,Butler,3,6-370-712-8853,0-472-061-5700,Tara_Butler5739@irrepsy.com,8,10/1/1988,0,1,516,809,55212446,3
1474,Walsh,1,5-188-831-3273,8-164-530-6825,Noah_Walsh5834@nimogy.biz,6,5/28/1957,0,3,499,647,177444531,3
1475,Hamilton,3,7-151-110-1600,6-874-423-0232,Nicholas_Hamilton2915@bauros.biz,5,12/15/1981,0,2,125,625,467467066,3
1476,Gordon,3,7-037-385-0678,4-060-072-5723,Harry_Gordon7481@eirey.tech,3,12/18/2004,0,2,719,441,13357325,2
1477,Hogg,3,3-826-207-4271,6-667-717-3455,Livia_Hogg2150@bretoux.com,6,10/9/1980,0,3,831,626,127833788,1
1478,Ashley,3,0-037-284-5465,1-435-078-7703,Michael_Ashley6380@ovock.tech,7,4/25/1968,0,2,528,393,775506843,3
1479,Brett,3,6-355-560-7605,8-283-443-6467,Domenic_Brett7330@eirey.tech,6,11/7/1988,0,3,296,49,4664161,2
1480,Khan,2,1-354-727-5260,7-680-312-7873,Matt_Khan2219@mafthy.com,5,11/29/2019,1,3,196,860,763866357,2
1481,Clarke,3,0-855-088-4546,0-876-253-7338,Hank_Clarke2963@naiker.biz,4,6/10/1973,0,3,590,966,224584782,3
1482,Murphy,2,3-740-680-2821,3-328-465-0627,Miriam_Murphy5974@elnee.tech,1,1/15/1993,1,2,939,855,513733758,3
1483,Durrant,3,2-580-071-1086,4-126-050-5175,Julius_Durrant3907@fuliss.net,3,12/23/2009,0,2,897,685,726814330,1
1484,Franks,3,5-283-431-7576,8-470-534-6850,Lily_Franks437@iatim.tech,5,8/11/1954,0,3,465,162,721268087,3
1485,Walker,1,6-324-434-0601,3-385-604-5477,Eduardo_Walker2903@grannar.com,2,7/25/1985,2,1,717,289,801805125,3
1486,Greenwood,3,3-062-884-7221,4-264-326-8388,Bryon_Greenwood9107@bauros.biz,3,4/28/1990,0,2,405,193,453738410,2
1487,Mason,2,1-873-327-3153,0-482-663-3664,Owen_Mason3734@fuliss.net,5,5/5/1959,1,3,533,136,5870808,3
1488,Allen,3,0-464-446-1371,1-577-171-5243,Noah_Allen1768@ovock.tech,5,6/28/1965,0,2,931,28,437787440,3
1489,Shields,1,2-108-156-8711,0-013-445-5544,Kate_Shields3219@sveldo.biz,1,4/19/1967,1,1,688,293,160256638,1
1490,Summers,1,3-271-212-0518,5-288-121-6167,Charlotte_Summers3788@bulaffy.com,5,7/20/1957,1,2,893,369,632654355,3
1491,Lynch,2,4-236-248-2117,1-862-768-5132,Isla_Lynch331@nanoff.biz,8,1/3/1989,1,2,409,538,42504337,2
1492,Fox,3,4-321-063-2812,2-778-513-1534,Phoebe_Fox9756@bretoux.com,8,7/26/2018,0,1,254,794,633230850,1
1493,Smith,1,0-242-617-2243,4-140-528-0827,Cherish_Smith8100@brety.org,2,4/8/1978,1,2,480,726,170510361,3
1494,Anderson,3,3-525-604-5181,5-384-150-1164,Evie_Anderson7903@bretoux.com,8,5/27/1970,0,1,755,274,158460735,2
1495,Parker,2,3-576-242-2780,8-462-878-7042,Chanelle_Parker7396@gmail.com,7,12/9/1954,1,1,319,197,204623357,1
1496,Palmer,2,4-481-430-2123,5-318-121-0812,Marissa_Palmer4542@eirey.tech,4,10/30/1969,1,3,715,87,722361700,1
1497,Hamilton,3,7-885-414-5433,3-773-241-1048,Ally_Hamilton1481@mafthy.com,3,6/23/1973,0,2,598,404,514168275,3
1498,Woodley,1,2-508-771-7010,5-134-142-8860,Dorothy_Woodley8695@sveldo.biz,6,6/16/2002,2,1,595,587,313638134,1
1499,Larsen,2,0-618-240-2772,3-600-413-2327,Tony_Larsen544@gompie.com,3,9/20/1958,1,3,172,459,602642855,3
1500,Fulton,3,8-441-527-3178,4-706-807-1513,Doug_Fulton3982@elnee.tech,5,4/4/1981,0,2,525,736,155520226,3
