1501,Craig,3,2-542-534-1172,2-271-185-5406,Janelle_Craig8698@sveldo.biz,3,4/20/2006,0,3,264,407,330870236,3
1502,Fox,3,3-404-127-1475,5-341-535-5561,Melody_Fox5637@kideod.biz,7,2/24/1956,0,3,70,419,165618573,1
1503,Gardner,3,0-731-653-1485,8-234-158-1148,Jasmine_Gardner2023@deons.tech,5,12/13/1954,0,1,100,735,373274536,3
1504,Cox,3,3-848-307-4728,5-724-381-0411,Leah_Cox5431@muall.tech,5,7/12/2000,0,3,337,407,205357712,2
1505,Graves,3,1-084-623-0164,2-307-220-2682,Cristal_Graves2957@bauros.biz,7,5/27/2017,0,2,838,654,212087226,3
1506,Walton,1,8-477-448-1726,3-748-825-7266,Isabella_Walton3562@twipet.com,2,7/22/1968,2,3,71,521,738133473,1
1507,Hunt,2,8-477-084-1513,8-011-863-1544,Jayden_Hunt2538@twace.org,6,10/9/2020,0,2,688,568,500407241,1
1508,Middleton,2,4-572-150-7745,4-207-178-4246,Chadwick_Middleton9491@ovock.tech,6,8/12/1955,1,1,65,602,354365624,3
1509,Parr,2,2-272-322-3024,6-055-774-6273,Rufus_Parr5565@corti.com,5,12/5/1973,1,1,970,656,646664355,3
1510,Ryan,1,0-030-573-5728,8-813-444-8726,Bethany_Ryan9568@twipet.com,5,8/4/1987,1,3,73,940,323417467,2
1511,Sloan,1,1-240-851-4063,0-342-572-2147,Davina_Sloan3538@cispeto.com,7,2/26/1964,1,3,538,875,861501753,2
1512,Chappell,3,6-206-427-1830,8-300-428-2315,Tony_Chappell4593@atink.com,5,9/5/1955,0,1,52,260,40734825,1
1513,Hepburn,3,4-851-154-0138,5-751-072-0154,Josh_Hepburn1536@bauros.biz,1,10/22/2007,0,1,199,302,143081015,3
1514,Riley,1,2-885-302-1423,0-038-065-8033,Marvin_Riley7971@joiniaa.com,2,10/17/1974,1,1,992,516,724606528,1
1515,Saunders,1,5-245-827-3074,2-745-782-7711,Maxwell_Saunders6785@deons.tech,2,9/11/1956,1,2,897,193,812828664,3
1516,Allen,3,3-413-322-8708,7-030-648-3075,Remy_Allen1331@yahoo.com,7,2/1/1972,0,1,178,722,173214400,1
1517,Weasley,1,3-687-720-1833,6-008-625-7603,Logan_Weasley142@liret.org,2,12/16/1964,3,1,635,908,675081022,2
1518,Huggins,2,1-036-013-8355,8-486-516-0175,Ruth_Huggins128@ovock.tech,4,6/13/1971,0,3,910,689,272804554,2
1519,Tailor,1,8-021-085-5105,0-282-085-4426,Caleb_Tailor8185@brety.org,4,1/9/2003,1,1,935,657,337417031,2
1520,Eagle,3,0-660-373-5525,6-876-511-2433,Danny_Eagle1453@infotech44.tech,1,8/4/2016,0,2,81,684,764458221,1
1521,Nielson,2,4-881-111-0753,4-188-824-5050,Daron_Nielson8833@cispeto.com,7,7/3/1992,1,3,453,927,535441561,1
1522,Burnley,3,2-225-013-4250,1-736-361-3505,Lara_Burnley5607@fuliss.net,2,2/20/1993,0,3,669,69,674206011,2
1523,Waterson,1,4-577-311-5807,0-315-252-6764,Erick_Waterson5543@mafthy.com,8,11/17/1997,0,2,134,546,86117484,1
1524,Nayler,2,7-532-801-6624,6-012-135-8622,Alessia_Nayler5264@guentu.biz,7,12/15/1984,1,1,151,600,342578416,3
1525,Irwin,2,5-645-776-1462,8-105-271-4183,Rita_Irwin5735@twipet.com,3,2/3/1964,0,2,636,187,524082437,2
1526,Evans,3,1-447-331-1824,5-525-243-2583,Rufus_Evans6113@muall.tech,5,9/17/2009,0,3,545,738,848511742,1
1527,Vallory,1,3-408-330-6384,6-015-415-6071,Harvey_Vallory5202@sheye.org,2,5/6/1995,3,3,750,814,22523636,1
1528,Leslie,2,6-403-725-3671,5-752-851-2641,Marvin_Leslie7034@deons.tech,5,6/1/1989,1,3,900,591,655872076,1
1529,Edmonds,3,5-872-103-4332,5-521-606-4322,Darlene_Edmonds7014@supunk.biz,4,5/23/2014,0,1,182,865,238823174,2
1530,Pierce,2,4-316-162-2535,5-364-853-2617,Julius_Pierce1484@twipet.com,5,1/22/1991,1,3,808,662,628107507,1
1531,Bailey,3,5-150-370-3340,8-147-742-5584,Julius_Bailey1531@joiniaa.com,2,1/28/1963,0,1,65,523,281118473,3
1532,Hardwick,3,5-705-778-4777,4-340-864-1345,Tony_Hardwick6268@deons.tech,8,8/24/2003,0,2,268,302,430523188,3
1533,Wilcox,1,0-156-543-2401,0-230-871-8534,Liam_Wilcox1009@gompie.com,6,4/18/1954,0,2,729,849,180122527,3
1534,Paterson,2,6-716-257-5353,5-568-771-5241,Noah_Paterson4555@gembat.biz,8,4/9/1987,1,3,953,67,288853638,2
1535,Lewis,2,8-088-420-5472,1-771-008-5864,Taylor_Lewis718@infotech44.tech,1,5/18/2013,1,2,689,91,135621540,1
1536,Lane,2,2-887-760-2665,5-563-431-3670,Aiden_Lane3407@ubusive.com,8,1/27/1992,1,1,172,168,725664553,3
1537,Oliver,2,0-772-723-2001,6-116-437-2454,Adalie_Oliver1343@elnee.tech,5,1/10/1963,1,2,685,348,454247347,3
1538,Jackson,2,3-071-027-3843,0-364-441-5768,Maxwell_Jackson565@cispeto.com,6,5/7/1990,0,2,824,682,520217006,1
1539,Vallins,1,3-421-640-7616,6-585-647-4765,Luke_Vallins6644@ovock.tech,3,2/19/1988,1,3,733,10,588382348,1
1540,Varndell,1,6-830-163-7144,6-181-406-6051,Christine_Varndell9928@guentu.biz,4,9/1/1953,2,1,170,836,806642284,3
1541,Parker,2,6-478-776-0426,2-261-446-4531,Judith_Parker7127@nimogy.biz,7,4/27/1962,1,1,480,688,136258264,3
1542,Whittle,1,1-635-830-2362,3-246-126-4612,William_Whittle6195@typill.biz,3,11/18/2007,3,3,317,531,441427434,1
1543,Carter,3,8-476-320-8442,0-086-655-7677,Naomi_Carter5836@corti.com,6,1/11/1979,0,3,203,488,147311012,3
1544,Henderson,3,8-608-627-5440,1-530-523-1722,Julius_Henderson8346@atink.com,1,3/31/1960,0,2,966,181,65635854,1
1545,Paterson,2,6-056-081-3728,4-345-134-5017,Mayleen_Paterson1195@bulaffy.com,3,7/27/1971,1,1,250,320,601850488,2
1546,Rixon,1,0-234-437-1376,3-405-075-8337,Goldie_Rixon6389@nimogy.biz,8,8/31/1958,1,2,765,844,414450642,1
1547,Clarke,3,5-648-845-5185,8-632-481-2567,Chris_Clarke2290@twace.org,8,2/5/2021,0,2,839,743,17446172,1
1548,Jennson,2,3-420-040-4640,2-434-055-7226,Ally_Jennson5331@ubusive.com,8,3/30/1961,1,2,417,968,141670527,1
1549,Marshall,2,4-523-633-8805,2-661-342-5366,Rhea_Marshall3557@ovock.tech,5,12/31/1957,1,3,626,855,34778182,1
1550,Ellery,3,7-436-537-4717,6-687-721-7584,Natalie_Ellery3235@sheye.org,1,4/8/1956,0,1,848,763,582664701,2
1551,Hunter,2,6-121-703-2718,6-858-335-3208,George_Hunter3179@bretoux.com,6,1/17/1983,0,1,39,515,383688642,3
1552,Andersson,3,3-037-087-1786,6-271-342-6508,Maxwell_Andersson6309@hourpy.biz,8,6/14/1970,0,3,115,37,838011736,2
1553,Williams,1,4-806-146-6705,6-742-734-4768,Carl_Williams6481@cispeto.com,4,1/6/1959,1,2,707,492,376084407,1
1554,Powell,2,8-743-808-5581,1-253-462-4731,Amy_Powell3225@eirey.tech,1,1/1/2019,1,3,839,376,228554048,2
1555,Clarkson,3,3-781-074-8322,8-381-453-6011,Kurt_Clarkson634@bretoux.com,8,1/18/1992,0,3,232,809,458202864,1
1556,Stevenson,1,5-322-387-6531,3-025-658-2077,Tony_Stevenson2930@sveldo.biz,2,4/7/1952,1,3,852,198,868752800,3
1557,Downing,3,7-628-364-4050,5-324-036-6101,Javier_Downing8765@typill.biz,5,4/20/1982,0,2,820,214,527506010,1
1558,Moran,2,0-415-705-8378,3-531-173-5431,Alex_Moran2141@atink.com,8,1/25/1974,1,2,410,39,146733330,1
1559,Wilson,1,5-104-836-4882,0-170-155-8684,Josh_Wilson7616@eirey.tech,2,1/25/1977,2,3,893,655,641031153,2
1560,Ventura,1,0-460-610-0251,8-364-345-1222,Caitlyn_Ventura475@infotech44.tech,1,4/18/2018,1,3,11,231,678377845,3
1561,Gosling,3,5-227-685-1712,0-620-072-6760,Fred_Gosling2032@iatim.tech,8,9/28/1952,0,2,316,882,346626165,1
1562,Strong,1,4-520-717-5338,3-402-724-4402,Belinda_Strong9488@irrepsy.com,5,10/4/2007,1,3,185,942,668858612,1
1563,Judd,2,7-787-424-1618,4-216-367-1635,Aisha_Judd3147@irrepsy.com,4,12/8/1998,1,2,39,498,45042735,3
1564,Ellwood,3,6-483-763-7884,7-883-180-2453,Gil_Ellwood5925@vetan.org,6,9/1/1954,0,1,536,661,477163148,1
1565,Rowlands,1,3-478-444-1046,8-563-118-2436,Hank_Rowlands6743@mafthy.com,6,10/28/1957,1,1,595,832,834850738,2
1566,Patel,2,5-174-340-3860,3-488-668-5312,Rocco_Patel4385@acrit.org,3,7/21/1979,1,3,147,685,663655110,2
1567,Ryan,1,8-820-258-0626,1-138-712-2331,Makenzie_Ryan1061@nimogy.biz,6,12/9/1964,1,1,44,700,687041246,3
1568,Whatson,1,2-757-350-6152,6-354-230-6713,Tiffany_Whatson4498@infotech44.tech,2,9/10/1956,3,1,708,945,223634031,1
1569,Emmett,3,4-058-340-7230,1-172-002-7218,Javier_Emmett5269@corti.com,5,2/18/1967,0,1,493,262,657604276,3
1570,Ingram,2,8-684-557-0300,5-480-013-5704,Melanie_Ingram2465@gmail.com,2,9/28/1994,0,1,15,802,22613887,1
1571,Hall,3,6-522-404-1026,8-502-221-3851,Jack_Hall304@cispeto.com,5,7/30/1979,0,2,421,212,775017426,1
1572,Penn,2,4-433-027-7378,1-786-752-5117,Maria_Penn6524@bungar.biz,2,9/9/1993,1,2,425,655,328370124,2
1573,Powell,2,5-575-106-4314,7-887-741-6673,Anthony_Powell6936@twace.org,8,12/2/1954,1,1,444,135,778116023,1
1574,Quinnell,2,5-061-158-0803,5-706-881-1514,Leroy_Quinnell230@acrit.org,2,3/25/1997,1,1,876,356,318142655,3
1575,Underhill,1,5-570-527-6635,2-226-815-1766,Stella_Underhill9252@deavo.com,7,12/13/1968,3,2,400,240,18588736,3
1576,Jones,2,5-513-357-0883,3-084-623-7582,Dakota_Jones9670@typill.biz,2,6/30/1962,1,1,228,285,624570558,2
1577,Thomson,1,3-311-867-7535,2-335-583-2725,Barney_Thomson4227@gembat.biz,4,10/3/1975,1,2,255,859,758767345,3
1578,Underhill,1,4-057-017-4212,7-222-216-6268,Russel_Underhill3820@twipet.com,3,2/6/1984,2,2,45,275,13451517,1
1579,Wood,1,8-142-783-1718,1-128-168-4415,Sara_Wood6857@naiker.biz,3,12/3/1985,1,3,892,979,685824672,1
1580,Taylor,1,8-700-241-5804,6-370-775-3364,Diane_Taylor3904@bungar.biz,4,3/3/1994,1,2,994,22,115335350,2
1581,Whitmore,1,3-804-082-8633,3-008-714-4251,Candace_Whitmore8548@elnee.tech,5,12/25/1997,1,3,504,477,403323485,1
1582,Mcgregor,2,8-652-318-2381,6-122-267-2020,Jacqueline_Mcgregor2285@infotech44.tech,4,9/2/1980,1,1,887,173,718706100,1
1583,Edler,3,0-287-505-4520,1-724-050-7132,Daniel_Edler7813@deons.tech,8,2/19/2018,0,2,430,945,715367413,1
1584,Weldon,1,1-508-631-3641,1-564-465-6217,Goldie_Weldon942@eirey.tech,2,5/27/1957,1,3,912,844,33613628,3
1585,Wilton,1,1-676-334-6166,2-467-821-3086,Erica_Wilton3073@iatim.tech,4,2/12/1954,3,1,222,360,637733201,2
1586,Eaton,3,5-741-203-3348,5-555-037-4150,Thea_Eaton2893@joiniaa.com,1,1/28/2014,0,3,168,748,870104082,3
1587,Snell,1,7-550-828-1305,1-258-063-4716,Megan_Snell2071@corti.com,8,4/1/1960,1,2,478,662,6384157,3
1588,Fisher,3,0-570-100-2605,8-116-047-0335,Priscilla_Fisher1210@bretoux.com,4,8/10/1993,0,3,21,814,16107285,2
1589,Trent,1,6-061-867-4645,7-872-464-3566,Selena_Trent4004@corti.com,6,9/6/2014,0,3,870,45,167788426,3
1590,Riley,1,1-471-550-8560,8-305-200-8336,Alessandra_Riley8345@yahoo.com,7,5/17/1991,1,2,755,624,35882880,1
1591,Bradley,3,4-015-378-8721,3-272-638-4100,Hayden_Bradley101@vetan.org,7,2/22/2004,0,2,984,313,301887210,2
1592,Rosenbloom,1,6-873-815-4080,2-212-174-3210,Logan_Rosenbloom835@brety.org,8,2/22/1982,1,1,649,152,526342824,3
1593,Griffiths,3,7-081-458-6852,8-261-166-6375,Elle_Griffiths6827@grannar.com,7,9/17/1965,0,1,795,494,735637023,2
1594,Benson,3,0-535-262-1130,3-152-866-2125,Drew_Benson3689@mafthy.com,1,7/3/1950,0,3,840,769,843466031,3
1595,Wood,1,6-475-432-1843,0-557-721-3700,Sasha_Wood7684@yahoo.com,3,3/31/1984,2,1,743,237,836064544,1
1596,Jobson,2,4-624-165-5120,8-834-222-5105,Dorothy_Jobson9274@mafthy.com,7,8/29/1962,1,2,570,390,73822674,3
1597,Abbot,3,3-736-170-3732,0-682-302-7427,Summer_Abbot5269@gompie.com,3,3/22/1971,0,1,918,111,725325501,2
1598,Holmes,3,4-861-464-8868,5-231-887-4471,Violet_Holmes5579@qater.org,8,6/22/1980,0,3,359,744,626682330,2
1599,Hunter,2,3-718-555-3510,3-512-383-3012,Evie_Hunter3329@iatim.tech,2,2/3/1952,0,3,608,356,671412402,3
1600,Palmer,2,5-142-127-3307,3-586-227-1272,Ivette_Palmer5526@womeona.net,4,6/7/2010,1,1,799,127,28823660,2
1601,Phillips,2,7-006-811-1526,4-440-365-3686,Danny_Phillips4036@naiker.biz,2,2/25/2006,1,2,651,539,474027628,3
1602,Hobbs,3,5-702-281-0460,5-244-847-0258,Mike_Hobbs4133@deavo.com,1,6/27/1982,0,1,645,149,137550881,3
1603,Niles,2,4-574-223-6675,0-685-344-6055,Rosemary_Niles4518@irrepsy.com,1,2/18/1986,1,3,442,981,318354602,2
1604,Raven,2,7-263-681-7630,4-656-365-7330,Jessica_Raven7416@sheye.org,6,8/3/1973,1,2,698,666,221457231,3
1605,Parker,2,6-850-565-4126,2-000-166-6085,Wendy_Parker6266@supunk.biz,6,11/5/1983,1,2,539,499,705154707,1
1606,Powell,2,3-725-254-5401,7-763-800-0805,Tom_Powell2635@eirey.tech,4,6/16/1958,1,2,882,293,416163436,2
1607,Hill,3,4-584-075-3422,0-842-861-6703,Maria_Hill5034@deavo.com,6,7/25/2011,0,2,365,484,520832175,1
1608,Jeffery,2,3-873-861-7671,3-166-613-1647,Nicholas_Jeffery9984@gembat.biz,3,4/21/1956,1,3,287,970,205348438,3
1609,Hunt,2,4-056-608-6876,0-520-465-5571,Rick_Hunt6227@sheye.org,7,10/10/1953,0,2,333,876,658537835,1
1610,Cork,3,0-663-224-2243,3-311-650-2408,Carolyn_Cork9838@womeona.net,4,1/29/1972,0,3,893,589,447522011,2
1611,Irving,2,1-481-242-6884,1-686-374-1777,Marigold_Irving9574@dionrab.com,8,9/2/1999,0,2,56,59,884113723,2
1612,Ashwell,3,3-645-254-7266,8-185-400-2580,Nathan_Ashwell7895@gompie.com,8,6/21/1964,0,1,305,361,570666834,1
1613,Partridge,2,1-422-171-0647,6-037-084-2260,Nicholas_Partridge4209@ovock.tech,7,6/11/1982,1,3,985,755,211741454,1
1614,Kerr,2,2-721-673-3784,0-424-138-0173,Harmony_Kerr3583@twipet.com,7,7/26/2013,1,1,679,857,560764220,1
1615,Baker,3,1-827-018-8765,6-237-732-8478,Noah_Baker9600@nanoff.biz,8,11/25/2013,0,3,850,291,424204881,1
1616,Stevenson,1,2-722-341-2404,2-677-511-2026,Tyler_Stevenson2390@gembat.biz,1,7/19/1951,1,3,997,81,421866288,2
1617,Hastings,3,2-446-667-3328,5-867-005-5680,Erin_Hastings4258@guentu.biz,3,1/1/1987,0,2,966,750,818278538,2
1618,Douglas,3,2-501-766-0502,3-063-366-1107,Chadwick_Douglas1605@fuliss.net,8,5/31/2016,0,1,545,4,841504555,2
1619,Kidd,2,5-135-322-2437,3-361-646-3271,Josh_Kidd8293@nanoff.biz,8,7/8/1970,1,2,490,622,444628745,2
1620,Carpenter,3,4-550-845-1165,7-054-366-3244,Francesca_Carpenter24@acrit.org,6,5/25/1962,0,2,54,62,200570482,1
1621,Mitchell,2,1-852-602-5046,2-450-632-0256,Analise_Mitchell3799@deons.tech,3,4/11/1955,1,2,522,581,124382235,2
1622,Myatt,2,0-731-321-4234,5-726-872-3621,Nathan_Myatt9554@eirey.tech,5,4/23/2009,1,1,744,395,134008373,3
1623,Watt,1,1-140-878-5320,2-652-114-7448,Gladys_Watt4117@brety.org,4,8/18/1976,3,1,499,976,764141388,1
1624,Parker,2,6-323-372-7132,5-613-481-2302,Chris_Parker4707@grannar.com,1,9/23/1956,1,1,490,755,582214546,3
1625,Poole,2,0-004-548-0662,4-331-467-3778,Dalia_Poole7048@zorer.org,6,2/1/1966,1,1,286,382,830731662,2
1626,Widdows,1,7-464-372-7865,2-243-026-1635,Daniel_Widdows3049@extex.org,5,10/12/1969,1,1,623,396,172147155,3
1627,Ellis,3,3-300-788-5618,1-582-726-2444,Belinda_Ellis5358@yahoo.com,3,1/3/2003,0,3,167,813,623637043,2
1628,Downing,3,6-468-623-3082,2-575-471-7540,Clint_Downing1713@nimogy.biz,4,3/22/1988,0,3,769,466,207251184,1
1629,Rosenbloom,1,5-623-183-3053,2-102-064-6052,Anabel_Rosenbloom7091@eirey.tech,2,7/10/2010,1,2,517,926,216526475,2
1630,Adams,3,1-300-657-1781,0-722-718-2441,Ramon_Adams1232@sheye.org,1,3/19/2002,0,3,595,24,337202732,3
1631,Knight,2,8-754-531-6540,4-320-880-0382,Julius_Knight9223@fuliss.net,8,10/17/2020,1,1,162,634,443485613,1
1632,Bennett,3,0-867-314-5275,0-773-366-5164,Julius_Bennett3854@gmail.com,4,1/15/1982,0,3,629,626,267761168,2
1633,Wooldridge,1,5-411-260-3732,0-234-588-4233,Chuck_Wooldridge6762@kideod.biz,3,2/27/2012,2,1,861,709,806661014,1
1634,Burge,3,0-365-858-1008,6-482-378-1446,Carter_Burge8853@gmail.com,8,2/27/2002,0,1,46,880,141812866,2
1635,Mitchell,2,5-378-432-8080,2-531-858-2472,Gil_Mitchell8358@twace.org,6,8/1/1974,1,3,577,245,311111167,2
1636,Gilbert,3,5-825-838-5472,8-251-500-3207,Kurt_Gilbert198@corti.com,2,8/3/1990,0,2,463,271,888281417,2
1637,Steer,1,8-771-158-0737,2-254-712-6121,Rocco_Steer7966@supunk.biz,5,1/22/2014,1,1,318,563,284061036,1
1638,Nobbs,2,1-727-056-6278,4-442-376-7806,Julius_Nobbs7190@sveldo.biz,8,11/1/1985,1,1,543,595,78342362,1
1639,Collins,3,2-240-016-8357,3-038-314-4146,Miley_Collins1535@infotech44.tech,3,9/18/1962,0,3,4,230,805246515,3
1640,Butler,3,8-058-772-5326,6-116-438-4121,Fred_Butler9380@gompie.com,4,4/19/1963,0,2,259,687,135616032,3
1641,Mills,2,1-687-450-3320,3-838-820-6263,Daron_Mills5945@hourpy.biz,3,1/29/2004,1,1,460,915,688470326,2
1642,Nayler,2,3-745-411-1032,2-720-411-6338,Harmony_Nayler8272@yahoo.com,4,11/21/1957,1,3,918,124,755118561,3
1643,Booth,3,5-111-377-4710,0-214-471-3465,Deborah_Booth748@infotech44.tech,8,11/5/2013,0,3,921,897,410276241,3
1644,Addison,3,2-813-222-0188,7-572-364-0011,Isabel_Addison9129@deavo.com,4,5/24/1966,0,2,302,485,260165122,3
1645,Blackwall,3,1-336-870-8246,1-817-383-1426,Adalie_Blackwall78@grannar.com,4,11/20/2013,0,1,125,603,483512070,2
1646,Robinson,1,3-133-838-4550,0-144-368-3431,Luna_Robinson9244@sveldo.biz,5,7/21/2015,1,3,289,822,745306241,1
1647,Amstead,3,1-220-477-7717,1-822-153-1532,Ivette_Amstead4843@twace.org,2,10/1/1990,0,1,433,71,681055135,2
1648,Bryant,3,3-726-123-0537,4-302-363-7778,Harmony_Bryant3079@bulaffy.com,3,8/30/1984,0,2,338,362,1081008,1
1649,Willson,1,7-280-347-7302,1-552-672-4507,Clarissa_Willson7761@nickia.com,2,7/13/1997,1,3,661,128,104028207,3
1650,Clarke,3,7-333-441-2522,0-077-687-0413,Elijah_Clarke8644@sheye.org,6,10/27/1988,0,1,673,14,242816241,2
1651,Rust,1,1-435-418-3080,3-185-756-3245,Abdul_Rust9389@joiniaa.com,7,2/4/1966,1,1,347,894,622124707,1
1652,Vane,1,7-622-466-4323,4-861-554-4631,Carina_Vane8883@zorer.org,7,8/10/1965,1,1,970,51,583234630,3
1653,Heaton,3,8-080-405-7541,1-141-162-5833,Mandy_Heaton5340@extex.org,1,9/3/1953,0,1,510,748,272564571,3
1654,Bailey,3,6-811-022-0517,2-057-007-5230,Nina_Bailey9815@brety.org,5,2/17/1970,0,2,701,913,705857824,2
1655,Cobb,3,7-204-438-2426,0-705-822-6413,Bob_Cobb202@gompie.com,8,5/24/1997,0,2,13,753,478412815,1
1656,Harrison,3,6-864-612-4527,0-822-272-3608,Michael_Harrison6871@elnee.tech,3,8/18/2006,0,1,243,992,805227280,2
1657,Thomson,1,0-412-485-7373,1-263-675-7380,Molly_Thomson4151@womeona.net,4,9/5/1959,2,3,210,855,414050121,3
1658,Thompson,1,4-588-804-3576,7-126-680-0066,Bart_Thompson8034@cispeto.com,7,8/6/1979,3,2,739,800,844151750,2
1659,Whittle,1,3-008-075-3176,8-002-664-7414,Tyler_Whittle6084@liret.org,6,7/21/1986,2,3,936,945,564260220,2
1660,Freeburn,3,1-674-320-6251,6-270-446-8036,Sabina_Freeburn3442@brety.org,5,11/12/2013,0,2,390,616,121361112,2
1661,Parker,2,0-610-780-3144,5-421-475-3346,Rocco_Parker4054@bulaffy.com,1,9/12/1963,1,1,789,772,556171151,3
1662,Darcy,3,0-472-851-3417,0-841-134-2860,Erick_Darcy7107@bauros.biz,7,1/12/2007,0,1,421,153,632756357,1
1663,Gibbons,3,0-416-038-2257,3-870-180-8604,Chester_Gibbons7896@jiman.org,1,6/2/1957,0,1,864,485,614746278,3
1664,Yoman,1,2-667-341-8424,8-525-824-5333,Daniel_Yoman3090@qater.org,2,5/13/1981,1,1,689,936,730772561,2
1665,Roscoe,1,7-608-776-4035,6-670-647-7730,Rylee_Roscoe519@zorer.org,6,5/20/1965,1,1,9,508,254808460,1
1666,Wood,1,3-451-667-7553,3-651-757-7480,Charlize_Wood5661@guentu.biz,4,5/7/1967,3,1,19,381,268714204,2
1667,Rivers,1,6-522-121-7422,4-558-435-3302,Alessandra_Rivers5056@deons.tech,7,11/8/1956,1,3,524,458,843156065,1
1668,Hood,3,1-678-631-8237,0-875-681-3362,Paige_Hood1789@womeona.net,7,9/7/1963,0,3,251,16,617415778,3
1669,Rodwell,1,3-270-473-2504,8-704-477-8354,Vicky_Rodwell2341@supunk.biz,3,1/28/2001,1,3,73,977,342834161,2
1670,Flanders,3,2-238-887-6784,4-270-138-8356,Alan_Flanders1101@fuliss.net,2,8/30/1966,0,2,446,729,680033006,1
1671,Russell,1,3-640-453-1774,8-422-548-5028,Bryce_Russell7199@hourpy.biz,8,9/21/1992,1,2,681,327,14544574,1
1672,Powell,2,3-007-812-6017,2-808-052-4871,Bob_Powell9913@famism.biz,2,2/22/2012,1,1,687,313,761450424,1
1673,Rogan,1,1-374-876-6007,4-272-425-1517,Cristal_Rogan2878@guentu.biz,4,11/9/1987,1,1,566,79,543763751,1
1674,Partridge,2,4-736-200-8806,6-774-832-2545,Chris_Partridge2548@grannar.com,2,9/21/2012,1,1,761,918,851468605,1
1675,Locke,2,7-775-284-7462,3-062-121-8212,Savannah_Locke1198@guentu.biz,1,7/29/1983,1,2,348,183,848271240,3
1676,Simpson,1,8-158-304-5777,3-185-845-5666,Camden_Simpson4743@sveldo.biz,5,9/29/1950,1,3,91,100,674534106,1
1677,Gray,3,2-615-502-5804,3-006-867-1018,Karen_Gray855@sheye.org,3,7/22/1951,0,2,898,420,573688713,2
1678,Taylor,1,0-168-703-4217,0-107-181-3707,Jayden_Taylor353@twace.org,8,11/8/1976,1,3,352,818,104866074,2
1679,Wellington,1,0-274-440-2845,6-364-783-2767,Judith_Wellington7331@zorer.org,6,4/22/1991,2,1,629,201,235425800,2
1680,Rowan,1,3-431-713-6730,8-881-367-1405,Holly_Rowan8896@ubusive.com,3,8/31/2004,1,3,448,469,424266520,2
1681,Baker,3,5-763-802-5702,3-847-625-6548,Luna_Baker3633@kideod.biz,5,7/16/1976,0,1,646,907,532633885,1
1682,Alldridge,3,0-055-242-4420,7-135-822-6338,Tyson_Alldridge6498@cispeto.com,4,10/4/1991,0,3,394,413,455342464,3
1683,Reynolds,2,0-132-882-3707,1-302-351-0680,Helen_Reynolds9199@yahoo.com,4,4/15/1980,1,1,610,210,420715754,3
1684,Swift,1,0-401-252-6850,0-830-171-8242,Alessia_Swift4772@bretoux.com,6,10/6/2020,1,1,51,927,745137307,3
1685,Robinson,1,4-645-107-3765,7-825-178-6857,Naomi_Robinson6348@twace.org,1,2/5/2011,1,2,693,61,310560801,3
1686,Yoman,1,5-225-148-3367,8-620-764-5074,Marvin_Yoman1807@bulaffy.com,2,11/1/2013,3,1,414,366,463638445,3
1687,Parr,2,3-435-162-8846,8-865-635-1106,Carter_Parr5687@twipet.com,6,4/18/2017,1,2,922,843,7186262,3
1688,Blackburn,3,4-567-186-1776,2-170-144-6472,Carrie_Blackburn8166@irrepsy.com,1,6/3/1966,0,2,746,102,814487031,1
1689,Chapman,3,2-762-347-2568,7-887-433-1083,Hank_Chapman6846@sveldo.biz,5,6/6/1977,0,1,407,43,1340232,3
1690,Dickson,3,2-477-582-2663,7-710-683-8601,Morgan_Dickson868@gompie.com,8,8/14/2020,0,1,598,895,882811575,2
1691,Fall,3,2-348-337-8333,5-202-288-1661,Esmeralda_Fall9030@liret.org,3,1/28/2011,0,1,632,858,345537668,3
1692,Haines,3,6-660-114-5367,7-525-825-0656,Roger_Haines5608@nanoff.biz,3,8/3/2004,0,1,119,813,366024132,2
1693,Gilbert,3,5-501-275-0703,6-086-538-0517,Rocco_Gilbert4300@elnee.tech,3,1/22/2018,0,2,555,642,882426541,3
1694,Bryant,3,4-274-432-3314,1-677-152-7756,Janelle_Bryant8722@brety.org,6,3/8/1963,0,3,844,874,485425171,3
1695,Vollans,1,0-544-000-4667,0-861-614-7287,Juliet_Vollans1760@deons.tech,2,10/26/1957,0,1,215,426,132403278,3
1696,Mcneill,2,2-568-308-3124,3-541-031-2724,Hayden_Mcneill9236@irrepsy.com,3,12/1/1970,1,2,641,94,248328047,1
1697,Horton,2,2-568-787-5147,8-766-270-7664,Britney_Horton7543@eirey.tech,4,11/23/1970,0,1,104,676,876063664,1
1698,Drake,3,7-440-326-4601,2-853-113-7386,Freya_Drake6297@cispeto.com,3,7/3/1969,0,1,130,970,140778177,1
1699,Raven,2,6-313-243-1832,6-314-225-1184,Roger_Raven76@supunk.biz,2,12/9/1955,1,3,80,396,288043106,2
1700,Giles,3,0-618-447-0574,4-371-733-1218,Charlotte_Giles4306@elnee.tech,6,7/7/1999,0,2,752,360,354101814,3
1701,Nobbs,2,1-381-863-5404,0-644-364-1564,Stephanie_Nobbs8418@nimogy.biz,4,11/18/2006,1,1,842,170,125632373,2
1702,Hepburn,3,0-116-785-2072,8-271-021-6514,Jazmin_Hepburn9748@yahoo.com,6,2/7/1976,0,2,90,811,222204541,3
1703,Styles,1,7-841-555-4352,6-587-328-5516,Crystal_Styles5981@acrit.org,4,2/20/1965,1,3,261,405,606705637,3
1704,Thomas,1,4-488-450-0518,8-831-856-1687,Laila_Thomas4090@grannar.com,6,1/16/1956,2,2,840,891,576253827,1
1705,Gunn,3,6-601-462-2088,7-223-242-6343,Clarissa_Gunn5433@irrepsy.com,8,4/28/2003,0,3,960,714,776826477,3
1706,Tutton,1,4-308-146-1675,1-100-011-2846,Madelyn_Tutton257@nickia.com,7,3/24/2000,3,2,622,649,422602043,3
1707,Powell,2,3-381-360-1322,6-451-504-7702,Dalia_Powell7728@irrepsy.com,7,9/8/1995,1,1,431,362,180234263,3
1708,Wright,1,7-184-724-3473,7-636-105-1015,Oliver_Wright1084@tonsy.org,8,2/13/1997,0,1,985,371,636280001,1
1709,Reynolds,2,3-107-388-1043,2-816-472-1472,Doug_Reynolds5703@twace.org,2,1/15/1950,1,1,14,327,578665034,2
1710,Button,3,1-665-803-2123,3-448-170-0146,Wade_Button9315@ubusive.com,6,3/31/1989,0,1,936,180,303502748,2
1711,Ross,1,8-815-287-5200,4-831-536-4472,Natalie_Ross5455@bretoux.com,8,7/20/1963,1,2,318,318,814262015,2
1712,Alcroft,3,5-163-306-4424,5-775-085-5652,Chadwick_Alcroft7893@twipet.com,6,1/6/1957,0,3,436,476,651344761,1
1713,Irwin,2,1-414-065-5812,4-651-232-2680,Danny_Irwin9735@naiker.biz,3,12/10/1988,0,1,288,545,486371624,3
1714,Whitmore,1,2-546-134-7433,1-144-477-0616,Jules_Whitmore2183@vetan.org,5,8/14/1969,1,3,627,213,221332684,2
1715,Yard,1,0-761-138-1881,5-424-632-5720,Benjamin_Yard650@corti.com,5,11/13/1954,1,3,978,914,728070865,1
1716,Benfield,3,5-037-064-1350,8-155-573-8166,Angelica_Benfield2736@ovock.tech,5,5/9/2003,0,2,321,944,720818403,3
1717,Mitchell,2,0-230-818-8044,6-684-675-7407,Renee_Mitchell9713@hourpy.biz,3,11/16/1986,1,2,82,268,34436840,3
1718,Hall,3,0-655-270-1007,2-756-861-1632,Catherine_Hall6166@famism.biz,4,9/23/1999,0,1,103,827,81420183,2
1719,Matthews,2,8-684-672-5566,0-761-541-7084,Emmanuelle_Matthews1709@bretoux.com,4,5/25/2006,1,3,141,359,350045060,3
1720,Kennedy,2,1-533-835-8584,2-578-873-3771,John_Kennedy133@nickia.com,8,7/31/1999,1,3,684,382,558542064,1
1721,Flett,3,6-812-155-2201,6-882-353-8336,Grace_Flett6961@womeona.net,1,6/28/1977,0,2,994,920,320176780,1
1722,Campbell,3,5-556-638-5373,7-610-318-8036,Bernadette_Campbell2595@qater.org,7,2/6/2003,0,3,914,308,637010834,2
1723,Wilkinson,1,6-630-102-0773,1-114-137-7427,Liam_Wilkinson6094@dionrab.com,8,11/6/1959,2,1,899,296,366266335,2
1724,King,2,8-257-180-3630,8-652-010-7768,Rachael_King9545@qater.org,5,6/8/1950,1,1,796,475,310185262,1
1725,Ashley,3,6-077-224-0372,3-108-648-8168,Julius_Ashley9576@zorer.org,2,12/4/2012,0,3,286,669,285464248,2
1726,Norburn,2,0-455-836-6706,2-075-325-6388,Cherish_Norburn4498@jiman.org,6,1/16/1999,1,3,499,160,312662588,2
1727,Long,2,5-658-100-1038,5-732-750-0212,Daria_Long7207@famism.biz,6,4/10/1961,1,1,844,85,786285008,2
1728,Vernon,1,3-680-312-6012,0-636-301-2478,Chris_Vernon9126@jiman.org,8,7/23/2006,3,2,409,55,158317780,2
1729,Reynolds,2,1-718-005-8647,5-808-322-4287,Lana_Reynolds4133@liret.org,1,10/29/1992,1,2,3,739,853633237,3
1730,Ballard,3,4-788-853-8363,8-204-601-3366,Daniel_Ballard4228@liret.org,4,11/9/2020,0,2,579,988,238854601,1
1731,Osman,2,2-020-473-2325,4-420-474-7846,Renee_Osman6085@qater.org,3,1/12/1961,1,1,68,806,840047471,3
1732,Neville,2,3-184-171-3000,5-667-830-5351,Valerie_Neville6416@supunk.biz,1,2/9/1959,1,3,663,506,856605255,3
1733,Emerson,3,3-273-171-1334,2-360-165-1021,Bart_Emerson6735@ovock.tech,2,5/5/2001,0,2,1,260,823257676,2
1734,Morrison,2,0-338-486-5875,2-216-225-2213,Ramon_Morrison693@grannar.com,5,10/20/1999,1,2,198,322,265383157,1
1735,Bristow,3,0-712-083-0324,6-824-534-5434,Tom_Bristow2927@bauros.biz,3,9/6/1968,0,2,270,840,653743171,1
1736,Nayler,2,8-145-812-1224,7-088-063-5775,Boris_Nayler7066@ovock.tech,2,12/9/1976,1,3,836,56,478488862,2
1737,Whitehouse,1,7-325-140-7560,8-481-583-3365,Julian_Whitehouse8254@bulaffy.com,2,5/21/1966,2,2,11,529,231411253,3
1738,Pond,2,1-606-834-3341,2-371-003-2536,Eduardo_Pond2359@liret.org,3,5/21/1983,1,1,743,210,13558146,1
1739,Kennedy,2,6-722-445-1403,4-244-438-4773,Diane_Kennedy8910@supunk.biz,6,7/10/2015,1,2,537,929,726828360,1
1740,Whittle,1,3-822-162-1520,0-563-273-2237,Abdul_Whittle5755@muall.tech,2,10/26/1968,1,3,471,252,886843365,3
1741,Adams,3,4-662-673-8835,5-663-825-5166,Chuck_Adams4565@tonsy.org,7,5/5/1989,0,2,324,484,226182463,2
1742,Stone,1,8-502-567-6443,0-167-374-7720,Doug_Stone2658@muall.tech,1,4/5/2002,1,3,162,456,286886058,2
1743,Pope,2,7-081-662-1654,1-354-472-7565,Carrie_Pope245@cispeto.com,7,2/7/1971,1,3,654,914,60228847,2
1744,Willis,1,5-436-084-2045,1-780-337-1375,Brooklyn_Willis4180@joiniaa.com,2,6/11/1979,2,3,584,575,743540774,2
1745,Adams,3,8-660-743-6623,6-038-700-8582,Hayden_Adams5298@muall.tech,2,5/30/1995,0,1,2,755,330533053,3
1746,Walsh,1,3-015-668-0100,5-775-324-5713,Benjamin_Walsh8269@joiniaa.com,7,11/22/1985,0,3,406,929,816473063,3
1747,Davies,3,8-258-440-5212,4-283-822-8431,Eduardo_Davies2072@guentu.biz,2,11/27/2001,0,3,546,553,44061308,2
1748,Swan,1,8-684-215-1443,6-840-733-7338,Jayden_Swan7851@nanoff.biz,3,8/31/1978,1,1,927,217,251771734,2
1749,Villiger,1,8-102-036-2123,3-222-485-8313,Liam_Villiger7455@ovock.tech,1,12/21/2002,0,2,403,741,503475777,3
1750,Rixon,1,0-354-480-8274,3-122-418-5223,Ramon_Rixon6011@bungar.biz,5,7/12/1989,1,1,93,826,224863208,2
1751,Addis,3,7-537-661-2343,6-527-784-5305,Josh_Addis4394@naiker.biz,6,5/16/1974,0,1,823,704,514440166,3
1752,Jarvis,2,3-467-350-1466,5-802-272-2680,Dasha_Jarvis3266@qater.org,5,11/25/2017,0,2,47,234,553160227,3
1753,Andersson,3,5-607-228-6563,1-118-042-3438,Jane_Andersson6148@bungar.biz,2,6/13/2008,0,2,460,364,218133262,3
1754,Cann,3,8-671-516-5874,4-713-144-5738,Zoe_Cann4257@nimogy.biz,8,8/3/1994,0,2,310,337,137622720,3
1755,Khan,2,2-660-083-2688,8-376-667-0533,Sydney_Khan5696@jiman.org,6,8/10/1965,1,3,358,274,258620707,1
1756,Nicholls,2,6-385-188-6448,1-150-482-7817,Erin_Nicholls7213@kideod.biz,5,8/27/1986,1,3,305,545,772416322,1
1757,Brett,3,0-147-761-2745,7-072-275-7021,Gemma_Brett4810@zorer.org,4,11/17/1975,0,2,783,877,388853478,2
1758,Sawyer,1,1-301-351-8113,5-301-137-7588,Christine_Sawyer3592@grannar.com,1,7/8/1995,1,1,612,364,606464077,1
1759,Knight,2,7-743-562-8870,1-314-034-1865,Ada_Knight9909@fuliss.net,8,12/8/2017,1,3,923,22,764650846,2
1760,James,2,1-321-351-4850,1-664-420-2443,Ron_James7334@sheye.org,4,10/26/1985,0,2,762,325,26233813,2
1761,Bullock,3,7-301-402-8276,8-853-246-7643,Agnes_Bullock600@bauros.biz,7,8/24/2000,0,2,404,460,257148748,1
1762,Whitehouse,1,3-034-745-6475,5-380-323-4283,Rose_Whitehouse3564@grannar.com,5,7/14/1995,1,3,253,71,586818686,2
1763,Clifford,3,2-684-220-0006,8-011-032-8488,John_Clifford8169@brety.org,4,1/22/2018,0,2,206,17,163874441,1
1764,Raven,2,7-515-234-8713,1-037-214-3306,Felicity_Raven2994@mafthy.com,5,2/12/1967,1,2,135,741,844717271,1
1765,Osmond,2,8-646-872-4234,3-414-523-1778,Isla_Osmond2016@bauros.biz,8,11/4/1966,1,1,390,618,362655705,3
1766,Adams,3,6-175-631-6344,4-410-268-8020,Chuck_Adams6322@atink.com,3,8/13/1984,0,3,505,47,8450741,3
1767,Robinson,1,2-054-434-6575,4-554-366-6113,Rowan_Robinson8514@bretoux.com,2,2/28/1968,1,3,425,578,51470860,3
1768,John,2,4-754-744-8304,5-410-800-7571,Jayden_John1408@famism.biz,2,2/6/2016,1,2,119,506,787314034,2
1769,Miller,2,6-370-881-6604,6-678-524-2444,Phillip_Miller6057@kideod.biz,8,3/10/2006,1,1,833,222,367351601,1
1770,Hamilton,3,5-721-321-3226,4-425-725-1625,Chuck_Hamilton1324@iatim.tech,3,11/8/2000,0,1,90,457,100683084,1
1771,Ramsey,2,3-014-216-0886,6-072-186-0814,Sofie_Ramsey5572@grannar.com,7,8/14/1996,1,1,563,808,558148113,3
1772,Widdows,1,1-032-062-8746,5-328-667-7858,Tyson_Widdows5643@ubusive.com,7,7/28/1997,0,3,779,993,525288263,2
1773,Gonzales,3,5-077-562-8770,7-830-052-2578,Alan_Gonzales147@atink.com,7,1/8/1960,0,1,368,176,718342077,1
1774,Power,2,0-020-540-5222,1-717-408-6775,Violet_Power5701@dionrab.com,1,11/5/2015,1,1,786,688,20006630,2
1775,Sinclair,1,4-131-374-7086,4-821-382-3150,Benny_Sinclair6186@grannar.com,2,7/6/2004,1,2,411,346,231123,1
1776,Ogilvy,2,6-473-600-1042,6-827-003-4565,Alan_Ogilvy939@deons.tech,7,7/19/1955,1,2,969,535,558288775,2
1777,Torres,1,7-804-345-4505,0-430-814-0162,Lindsay_Torres9496@bulaffy.com,1,3/29/1959,3,1,80,909,710613747,3
1778,Curtis,3,0-315-547-3154,4-714-158-4804,Domenic_Curtis3520@iatim.tech,1,11/26/1963,0,2,305,420,66573506,2
1779,Drake,3,5-171-473-5452,3-734-743-4878,Chad_Drake2831@nickia.com,7,6/30/1957,0,1,407,176,464147701,1
1780,Jobson,2,7-468-614-8665,4-200-420-5644,Selena_Jobson6744@qater.org,2,6/11/1986,1,3,129,368,308551622,3
1781,Gosling,3,8-078-281-4017,2-402-301-3801,Bob_Gosling6632@bretoux.com,7,12/7/2000,0,1,525,282,284833348,2
1782,Adams,3,7-154-170-5858,2-060-106-7415,Luna_Adams1850@bulaffy.com,3,9/14/1972,0,1,9,658,125871173,1
1783,Dunbar,3,3-824-031-6800,8-210-345-1635,Harvey_Dunbar4803@bungar.biz,2,4/4/2003,0,1,614,937,608021284,1
1784,Jeffery,2,0-113-382-2010,5-368-024-7075,Alex_Jeffery6470@twipet.com,5,8/11/2017,1,2,236,64,735661733,3
1785,Stuart,1,2-854-170-6162,4-387-756-3240,Juliet_Stuart9978@muall.tech,6,5/29/1969,1,2,407,983,171081850,3
1786,Brock,3,5-567-807-6118,0-561-014-1058,Peter_Brock5490@brety.org,2,9/9/2015,0,2,957,466,312655381,3
1787,Pierce,2,4-500-244-3285,3-225-644-5110,Samara_Pierce1396@mafthy.com,6,6/30/1963,1,1,525,158,346482120,3
1788,Rixon,1,0-238-132-3766,6-182-384-3784,Anabelle_Rixon2945@nimogy.biz,4,8/30/1995,1,3,150,106,127451288,1
1789,Bentley,3,1-054-768-4066,6-117-202-5612,Raquel_Bentley7952@twipet.com,4,11/14/1985,0,1,602,472,427882156,3
1790,Ramsey,2,2-066-656-8261,0-363-740-8272,Domenic_Ramsey2539@sveldo.biz,4,2/11/1951,1,2,545,244,503738610,1
1791,Benfield,3,8-350-806-3663,1-650-618-0635,Daron_Benfield5980@womeona.net,6,8/25/1999,0,1,369,793,66774768,1
1792,Partridge,2,1-816-836-5048,8-624-534-3004,Alessandra_Partridge3165@extex.org,6,12/16/1958,1,1,264,106,220703250,1
1793,Wilkinson,1,8-424-840-6603,3-273-061-6586,John_Wilkinson2195@bungar.biz,2,11/24/1956,0,2,398,237,278214304,3
1794,Long,2,4-181-525-6400,3-152-238-2205,Danny_Long4321@ubusive.com,1,2/3/1957,1,2,248,203,331704838,1
1795,Jenkins,2,4-345-441-0350,8-017-161-7357,Scarlett_Jenkins1583@hourpy.biz,5,10/8/1991,1,1,639,349,156642564,2
1796,Boyle,3,5-415-383-0816,6-166-361-5727,Brooklyn_Boyle8827@grannar.com,3,7/7/1981,0,1,973,884,261517380,3
1797,Dowson,3,7-171-084-7841,4-043-274-7520,Regina_Dowson5309@infotech44.tech,4,7/3/1966,0,1,444,966,520063064,3
1798,Mitchell,2,5-274-058-2841,0-038-204-7031,Rick_Mitchell6927@naiker.biz,4,7/15/1978,1,2,616,366,777706734,3
1799,Rees,2,0-231-208-0541,8-301-873-3516,Phillip_Rees2386@eirey.tech,7,8/1/1989,1,3,152,843,865515566,1
1800,Wilson,1,8-016-518-2602,2-640-756-3518,Chad_Wilson5034@typill.biz,6,7/23/2020,0,3,480,458,172453063,2
1801,Ward,1,8-546-846-2750,4-205-452-0558,Liam_Ward1986@fuliss.net,2,9/27/1985,0,3,824,395,832128133,1
1802,Reese,2,7-136-200-8471,3-522-755-0626,Harvey_Reese112@mafthy.com,1,5/14/1978,1,2,329,186,770718123,2
1803,Clark,3,8-377-243-2640,8-618-635-1231,Kendra_Clark6352@gompie.com,4,11/23/2006,0,1,929,768,218317303,2
1804,Holmes,3,8-014-685-2564,6-508-672-6222,Enoch_Holmes7339@eirey.tech,4,7/10/2005,0,3,213,943,336470276,2
1805,Moreno,2,7-624-387-2327,1-728-088-5241,Adalind_Moreno1195@atink.com,6,11/9/2009,1,1,569,572,576104705,3
1806,Ward,1,6-728-470-8273,5-275-734-6313,Carmella_Ward1311@nickia.com,1,11/18/1983,0,2,14,313,405808558,3
1807,Varndell,1,2-831-187-3571,3-672-212-3112,Tyson_Varndell3420@naiker.biz,6,7/31/1974,3,2,510,444,332062365,2
1808,Blythe,3,1-847-601-3850,6-112-771-0403,Benny_Blythe5465@deons.tech,4,12/10/1976,0,3,557,403,525545830,1
1809,Farmer,3,3-311-870-2070,4-772-082-6386,Nicholas_Farmer7158@sveldo.biz,8,8/20/1968,0,3,512,167,18065703,1
1810,Hill,3,3-054-204-2558,8-576-288-6140,David_Hill5595@iatim.tech,8,11/5/1952,0,2,784,850,307123885,3
1811,Fisher,3,7-656-342-3460,4-787-653-2808,Stacy_Fisher450@bungar.biz,4,4/20/2018,0,2,671,478,300824282,1
1812,Owens,2,3-057-112-8006,1-678-321-8357,Liv_Owens5810@deavo.com,8,9/20/1951,1,2,874,816,150631074,1
1813,Walsh,1,1-760-072-2475,3-728-184-4080,Mark_Walsh1401@ovock.tech,1,12/8/1953,0,3,517,711,368118136,2
1814,Ross,1,3-486-220-3887,7-552-616-0450,Ember_Ross7751@bulaffy.com,3,8/25/2013,1,2,44,710,655135542,3
1815,Abbey,3,3-571-601-2538,6-748-165-2417,Rosalee_Abbey3630@bretoux.com,4,5/23/1966,0,1,578,149,647411273,2
1816,Waterhouse,1,3-808-428-8011,1-874-242-4547,Daron_Waterhouse7854@ubusive.com,5,6/11/1980,2,3,190,312,200071208,2
1817,Wood,1,4-640-321-0562,0-767-236-4525,Ronald_Wood8985@nanoff.biz,1,3/13/1986,0,3,137,759,862762075,1
1818,Morrison,2,5-050-667-1606,7-342-800-8657,Adalind_Morrison7908@nickia.com,4,4/10/1973,1,1,600,358,301466042,1
1819,Oakley,2,4-471-630-6616,7-467-883-7773,Anabel_Oakley4306@sveldo.biz,3,10/7/1984,1,3,128,396,473855647,3
1820,Amstead,3,4-732-082-5824,0-727-871-0130,Tania_Amstead9457@ovock.tech,7,1/21/1963,0,1,824,874,345275066,2
1821,Farrell,3,5-648-711-8112,2-778-336-3442,Sebastian_Farrell7461@gembat.biz,6,2/25/2007,0,1,28,616,653787472,3
1822,Crawley,3,2-572-875-8702,5-680-018-2466,David_Crawley4049@joiniaa.com,6,7/30/1978,0,2,966,374,231767451,3
1823,Nobbs,2,1-445-735-5046,7-615-878-4447,Maia_Nobbs4298@supunk.biz,4,9/4/2013,1,3,964,121,328253742,3
1824,Ward,1,7-734-731-5367,5-568-660-2202,Tyson_Ward4542@typill.biz,8,7/2/2019,0,1,414,223,776204031,1
1825,Mackenzie,2,8-540-706-0183,0-014-517-5486,Josh_Mackenzie3602@muall.tech,6,8/28/1978,1,3,927,616,628207764,1
1826,Oliver,2,1-216-350-5477,6-503-240-2613,Rylee_Oliver6201@gembat.biz,5,4/10/2005,1,1,545,977,573426671,2
1827,Sawyer,1,6-507-706-5783,1-335-355-7054,Hayden_Sawyer8386@mafthy.com,7,3/26/1980,1,3,985,74,430037736,1
1828,Clarke,3,7-323-835-3226,7-031-147-2612,Louise_Clarke6844@ubusive.com,3,7/12/1960,0,1,9,692,165388127,1
1829,Hall,3,6-502-324-6521,5-820-560-5350,Isla_Hall2749@kideod.biz,2,12/7/2010,0,3,436,711,76436261,2
1830,Allwood,3,3-783-860-8421,3-830-178-5877,Leroy_Allwood4770@nickia.com,5,6/23/2008,0,3,874,10,737557751,1
1831,Smith,1,8-525-388-6313,7-416-132-5446,Ruby_Smith9460@sheye.org,3,3/29/2006,1,3,777,696,268800805,1
1832,Broomfield,3,2-473-622-4405,6-240-661-1137,Chuck_Broomfield1800@famism.biz,1,9/21/2007,0,2,240,710,336337226,3
1833,Farmer,3,1-641-422-1131,4-313-510-4462,Johnathan_Farmer4305@nimogy.biz,2,8/25/1983,0,1,13,88,353042420,2
1834,Patel,2,8-746-875-6187,4-527-530-8004,Nate_Patel8421@dionrab.com,8,1/19/2015,1,3,723,513,615132856,2
1835,Dickson,3,7-630-642-5560,5-778-535-4465,Aurelia_Dickson9457@deavo.com,8,8/16/2018,0,2,202,896,336870825,2
1836,Fox,3,8-380-131-8272,4-043-562-1543,Kurt_Fox5602@sheye.org,4,7/6/1951,0,2,363,702,47161258,3
1837,Redden,2,3-417-031-5800,2-383-360-5432,Tess_Redden4207@tonsy.org,8,1/13/1970,1,1,274,774,580612516,3
1838,Smith,1,6-386-874-8640,6-880-662-0766,David_Smith1144@kideod.biz,6,8/7/1957,1,2,716,733,361100834,2
1839,Dallas,3,7-342-443-1808,8-337-281-0272,Daron_Dallas6727@kideod.biz,8,9/5/1988,0,2,687,537,14372815,1
1840,Locke,2,4-216-844-1056,5-362-727-5177,Bob_Locke9294@bretoux.com,6,10/20/2006,1,1,953,743,268035626,2
1841,Overson,2,5-866-432-7403,2-121-155-6623,Barry_Overson7428@guentu.biz,2,7/24/1993,1,1,430,590,825847183,3
1842,Stanton,1,3-331-165-3361,1-330-614-2687,Anabel_Stanton7717@fuliss.net,6,12/23/1950,1,1,516,710,867671538,3
1843,Adams,3,4-155-344-3161,5-514-228-4051,Luke_Adams7447@twipet.com,3,5/23/1986,0,3,419,107,56638065,2
1844,Irving,2,0-537-370-7646,6-372-715-3672,Maddison_Irving9721@qater.org,8,5/7/1965,0,1,124,283,343414670,1
1845,Pitt,2,2-233-756-6810,8-256-257-7438,Jack_Pitt6121@womeona.net,7,1/8/2008,1,3,315,547,881104641,2
1846,Sawyer,1,3-863-187-0562,4-246-375-2767,Tyler_Sawyer7774@supunk.biz,5,2/15/1972,1,2,365,752,170228174,2
1847,Newton,2,1-205-481-4771,0-200-542-4888,Blake_Newton6236@kideod.biz,6,4/8/1989,1,3,280,440,547103060,3
1848,Dixon,3,1-288-256-1210,5-870-682-1531,Ema_Dixon3939@fuliss.net,7,7/3/1996,0,2,738,170,601888606,1
1849,Coates,3,8-538-414-4462,0-378-577-0348,Cassidy_Coates9116@zorer.org,2,9/8/1954,0,1,679,122,138717054,2
1850,Robe,1,6-803-740-3742,0-574-250-0040,Fiona_Robe1123@gmail.com,7,7/25/1993,1,2,684,220,251073835,1
1851,Power,2,0-634-506-6000,1-231-841-6688,Ally_Power8743@infotech44.tech,5,12/9/2004,1,2,321,137,827645183,2
1852,Andrews,3,5-884-336-4845,0-876-310-0554,Aileen_Andrews2857@joiniaa.com,3,9/10/1968,0,3,777,144,477821507,3
1853,Vincent,1,1-453-301-1248,8-322-460-1861,Rosalie_Vincent923@acrit.org,3,4/20/1972,2,2,234,815,885770782,3
1854,Murray,2,2-237-117-2372,6-202-620-0440,Roger_Murray7332@nickia.com,3,11/16/1956,1,3,621,390,150243544,2
1855,Patel,2,0-481-783-0640,2-125-807-2161,Morgan_Patel348@bulaffy.com,2,2/15/2012,1,2,217,942,351814263,3
1856,Hall,3,2-606-687-0582,0-262-260-8682,Renee_Hall1212@jiman.org,1,3/30/1994,0,1,736,814,638464184,3
1857,Weldon,1,4-818-022-5063,8-370-261-0183,Julius_Weldon3735@gompie.com,5,8/31/2011,1,1,360,190,806136160,1
1858,Everett,3,7-802-423-2308,0-646-682-0273,Russel_Everett4096@irrepsy.com,4,10/15/1955,0,1,167,668,63011437,1
1859,Grey,3,8-313-014-8643,6-226-167-3457,David_Grey1948@deons.tech,8,1/21/1991,0,2,924,637,770266204,1
1860,Windsor,1,8-618-468-5505,5-326-463-1282,Rylee_Windsor6244@bauros.biz,5,11/12/1999,2,3,864,423,270216456,3
1861,Bingham,3,4-101-548-0086,4-073-758-6541,Lindsay_Bingham284@iatim.tech,7,12/24/1979,0,2,785,378,406825884,3
1862,Watson,1,1-362-565-8772,2-313-056-2104,Drew_Watson1080@corti.com,6,2/28/1963,3,1,351,361,348626322,1
1863,Walsh,1,2-842-078-1186,6-484-800-5556,Noah_Walsh4891@typill.biz,7,10/28/2013,2,3,178,124,826261704,2
1864,Wilson,1,8-867-826-3150,2-606-882-5004,Leroy_Wilson9069@dionrab.com,4,7/10/1952,1,3,246,38,704523484,2
1865,Carpenter,3,7-531-061-8580,8-587-666-4676,George_Carpenter2835@cispeto.com,2,4/15/1967,0,2,782,262,827254328,3
1866,Redwood,2,8-870-044-8248,5-004-630-0015,Holly_Redwood4362@bulaffy.com,5,8/15/1954,1,1,706,536,316577713,1
1867,Veale,1,5-720-316-2523,0-210-150-2131,Chad_Veale4049@dionrab.com,7,3/20/2013,2,3,752,791,117606410,3
1868,Lucas,2,8-731-122-5372,4-543-452-3370,Meredith_Lucas3222@deavo.com,8,9/3/1957,1,3,928,835,825122204,1
1869,Scott,1,8-181-768-5450,0-716-378-8203,Alexia_Scott1639@elnee.tech,4,1/2/1953,1,1,390,498,660643014,3
1870,Hancock,3,1-025-623-0630,4-004-586-4866,Sloane_Hancock6829@jiman.org,7,3/25/2010,0,2,164,744,725346733,3
1871,Sylvester,1,5-317-061-8175,7-117-016-3753,Manuel_Sylvester3860@ovock.tech,7,11/27/2008,1,3,390,233,647002665,1
1872,Murray,2,1-501-610-1586,2-441-200-2577,Alan_Murray8854@guentu.biz,4,10/19/1964,1,2,978,947,807843064,3
1873,Adams,3,5-717-137-1883,0-068-064-2312,Nicholas_Adams9560@supunk.biz,8,10/22/1984,0,1,816,691,773660534,2
1874,Ashley,3,6-543-683-7524,3-672-651-3424,Harmony_Ashley8653@atink.com,3,1/10/1970,0,3,193,614,208784673,2
1875,Hastings,3,0-337-175-0308,4-736-057-2351,Martha_Hastings6336@liret.org,8,12/25/1989,0,2,400,688,720217487,3
1876,Walker,1,6-055-761-3605,3-200-640-7865,Lexi_Walker2430@womeona.net,8,9/17/2001,3,3,271,717,506064573,2
1877,Mackenzie,2,7-732-248-8775,6-087-672-0730,Helen_Mackenzie376@bulaffy.com,2,12/3/1987,1,1,911,606,501784041,2
1878,Appleton,3,5-403-260-0411,1-016-881-6833,Tyler_Appleton166@hourpy.biz,1,2/27/1981,0,2,429,673,744033502,1
1879,Morrow,2,4-028-830-2861,4-128-830-1304,Brad_Morrow3004@acrit.org,5,4/30/1952,1,3,812,296,483678175,2
1880,Flanders,3,8-408-672-2142,8-211-137-8705,Alma_Flanders3453@naiker.biz,3,10/6/1974,0,3,145,895,44641113,3
1881,Hill,3,3-358-010-7253,5-651-423-3061,Bryon_Hill5306@gmail.com,8,4/8/2000,0,2,484,212,313645277,3
1882,Robe,1,7-832-446-8258,8-241-043-1005,Maxwell_Robe4641@bauros.biz,3,6/28/1957,1,3,852,611,624867255,2
1883,Partridge,2,6-165-502-7326,5-605-732-2685,Elijah_Partridge4013@guentu.biz,2,3/9/1964,1,3,547,910,517114306,3
1884,Salt,1,3-448-630-3280,0-628-250-1826,Lucas_Salt8853@acrit.org,4,4/25/1961,1,2,534,428,152353118,3
1885,Windsor,1,7-210-052-1758,0-718-521-6055,Barry_Windsor1918@guentu.biz,6,12/31/1980,1,1,510,978,133027772,3
1886,Gallacher,3,7-201-648-1186,7-510-250-2002,Joyce_Gallacher2012@dionrab.com,3,1/29/1961,0,1,596,650,412350617,1
1887,Woodley,1,8-802-067-6324,3-054-468-5870,Makena_Woodley3650@typill.biz,5,7/8/1975,3,1,337,482,352315111,3
1888,Haines,3,6-044-360-5562,6-736-686-8464,Camila_Haines3528@twace.org,4,6/1/2000,0,2,765,768,311802558,3
1889,Rust,1,4-432-617-1842,2-817-754-1413,Angela_Rust9744@hourpy.biz,7,7/2/1978,1,3,243,332,841156678,3
1890,Reading,2,1-836-228-3870,4-067-738-0434,Ramon_Reading7500@womeona.net,7,4/29/1983,1,2,457,923,351153863,3
1891,Griffiths,3,7-810-578-3726,5-426-371-6851,Nick_Griffiths7549@zorer.org,4,2/7/1978,0,1,242,486,158153612,2
1892,Russell,1,3-750-364-6332,5-261-752-6431,Chester_Russell4727@ubusive.com,8,10/25/2014,1,2,895,101,443477782,3
1893,Vaughan,1,7-130-048-0801,5-356-854-1516,Makena_Vaughan7964@bungar.biz,2,3/28/2018,3,3,410,852,81008360,1
1894,Riley,1,4-361-338-6817,8-708-258-1650,Manuel_Riley5302@twace.org,5,5/30/2016,1,2,591,649,404171444,3
1895,Rodwell,1,4-723-000-1878,7-817-525-3410,Marigold_Rodwell4785@typill.biz,7,2/1/1961,1,3,619,244,817480666,3
1896,Mcnally,2,3-507-316-8204,8-120-652-3875,Nicholas_Mcnally8605@vetan.org,1,6/5/1997,1,2,162,450,252767078,3
1897,Strong,1,6-671-446-5478,1-125-618-6211,Jayden_Strong5129@dionrab.com,1,2/10/1977,1,3,473,362,506618046,1
1898,Chapman,3,6-315-202-6475,3-237-170-4430,Peter_Chapman1054@nimogy.biz,1,9/11/1972,0,1,909,231,346227635,1
1899,Clarkson,3,5-818-751-6517,5-113-301-6708,Marilyn_Clarkson7446@ovock.tech,2,6/27/1973,0,1,588,505,276386336,1
1900,Khan,2,4-542-318-4738,3-008-665-6730,Phillip_Khan2523@twace.org,4,10/10/1966,1,1,544,203,246633133,3
1901,Stuart,1,5-572-117-3512,1-248-438-4821,Piper_Stuart8820@typill.biz,6,7/25/1985,1,2,412,992,470148104,2
1902,Huggins,2,4-177-842-0847,6-470-868-4684,Ruby_Huggins6268@famism.biz,3,2/3/1980,0,3,831,517,516371072,2
1903,Rowe,1,0-265-771-6033,0-654-528-0627,George_Rowe587@sveldo.biz,4,11/25/1958,1,1,763,548,138361487,1
1904,Ramsey,2,0-052-808-8181,2-665-713-2654,Peter_Ramsey7516@elnee.tech,3,2/24/1975,1,3,579,877,584410640,1
1905,Yard,1,3-275-004-8558,3-108-481-5577,Harry_Yard6533@irrepsy.com,5,2/1/1969,3,2,496,702,22311572,3
1906,Weldon,1,1-448-776-3026,4-386-535-5611,Luna_Weldon7383@fuliss.net,5,8/10/1963,3,3,778,502,447858382,1
1907,Oakley,2,5-887-231-4873,1-826-122-8068,Analise_Oakley6738@extex.org,8,10/19/1971,1,1,466,349,576486355,3
1908,Evans,3,7-763-206-7444,1-246-652-5628,Nicholas_Evans1275@nickia.com,1,5/17/1971,0,1,180,466,736233873,1
1909,Osmond,2,5-484-744-7311,5-332-172-8556,Percy_Osmond7253@eirey.tech,5,4/24/1976,1,2,62,307,14511558,2
1910,Exton,3,2-337-228-1766,1-312-476-8322,Emery_Exton1129@cispeto.com,8,1/20/1975,0,2,506,411,560721520,1
1911,Cooper,3,6-231-537-5757,3-447-033-0122,Ada_Cooper9075@cispeto.com,8,10/1/1989,0,2,556,840,605220255,2
1912,Anderson,3,2-574-463-4157,1-410-462-4845,Martin_Anderson8566@extex.org,4,12/12/1955,0,2,339,381,14032728,1
1913,Mccall,2,5-758-332-6665,7-076-530-5884,Matt_Mccall6186@iatim.tech,2,1/4/1968,1,1,540,315,466770242,3
1914,Hewitt,3,0-022-026-4810,7-703-372-1783,Hank_Hewitt1303@gembat.biz,4,5/13/2019,0,1,624,527,724508623,3
1915,Fields,3,5-713-060-1255,5-630-858-6811,Caydence_Fields3434@bungar.biz,1,12/31/1975,0,2,691,772,10165616,1
1916,Mason,2,4-751-887-2171,7-767-602-4173,Miley_Mason3434@nimogy.biz,7,6/20/2002,1,2,545,617,244210545,2
1917,Allington,3,7-117-062-1547,2-047-511-0723,Carl_Allington1914@gmail.com,3,1/9/1960,0,3,785,840,563261368,2
1918,Goldsmith,3,3-767-102-8284,7-437-826-3084,Phillip_Goldsmith5972@dionrab.com,2,12/11/1978,0,3,610,786,758558235,1
1919,Gallacher,3,8-127-213-5236,0-548-703-8107,Eduardo_Gallacher7025@iatim.tech,6,9/13/2002,0,2,145,582,652640123,2
1920,Vince,1,2-622-867-5548,4-468-712-1151,Adeline_Vince3993@typill.biz,4,7/2/1960,0,1,454,329,308234056,2
1921,Graham,3,8-001-001-6164,2-622-134-0183,Ryan_Graham6122@vetan.org,4,11/3/2019,0,1,691,162,484221541,3
1922,Reynolds,2,0-413-556-6732,7-872-646-4434,Benny_Reynolds613@deavo.com,8,11/22/2017,1,1,598,457,386722332,2
1923,Mcgregor,2,7-268-860-5673,3-074-666-4805,Matthew_Mcgregor7113@nickia.com,1,3/3/2016,1,2,558,680,587554884,3
1924,Fleming,3,5-474-380-5540,0-233-786-1401,Liam_Fleming8012@jiman.org,4,7/9/2018,0,1,833,914,681772564,2
1925,Rowlands,1,4-656-005-7783,3-541-486-3581,Marie_Rowlands383@infotech44.tech,6,9/13/1994,1,1,428,686,663223472,3
1926,Knott,2,7-812-843-5524,0-703-556-3656,Summer_Knott4432@eirey.tech,1,8/9/2006,1,1,411,454,480161558,1
1927,Burge,3,2-065-434-1208,7-553-038-0560,Noah_Burge6631@muall.tech,4,1/31/1978,0,2,834,154,350570112,1
1928,Denton,3,0-137-200-7745,1-050-015-1108,Rosalie_Denton9717@typill.biz,7,7/31/1965,0,3,963,255,164885824,3
1929,Swan,1,6-307-778-6423,7-747-144-1030,Nick_Swan7902@bulaffy.com,8,3/13/1996,1,1,901,811,85883584,3
1930,Gavin,3,2-210-125-7216,4-118-162-6828,Daniel_Gavin1434@deavo.com,4,9/17/1956,0,2,712,133,767071345,3
1931,Collis,3,8-178-856-8622,6-151-617-3303,Kurt_Collis1600@ovock.tech,7,11/14/1995,0,3,508,161,150062446,1
1932,Walter,1,0-221-181-7770,2-430-878-5358,Charlotte_Walter126@yahoo.com,4,4/27/2017,0,1,688,251,26503245,3
1933,Crawford,3,1-745-300-5303,0-071-062-0221,Julian_Crawford9813@sveldo.biz,4,11/17/2008,0,2,242,90,411012856,2
1934,Walter,1,7-280-353-4032,7-634-027-0044,Ellen_Walter2356@gembat.biz,4,7/17/1956,0,1,309,879,385048113,3
1935,Kerr,2,1-742-400-4838,2-120-505-2257,Gabriel_Kerr5674@atink.com,3,2/25/1988,1,2,825,90,530338384,2
1936,Armstrong,3,7-038-628-1802,1-403-564-2781,Barney_Armstrong5501@typill.biz,3,9/21/1965,0,1,904,602,222738763,1
1937,Plant,2,2-850-312-2066,3-853-715-5871,Daron_Plant117@gmail.com,6,7/4/1955,1,3,609,499,374457260,2
1938,Parsons,2,7-487-265-4142,7-283-550-1656,Phillip_Parsons1104@irrepsy.com,2,9/18/1952,1,3,738,101,745236343,2
1939,White,1,1-535-412-7070,8-215-270-0772,Henry_White6977@ubusive.com,5,7/12/1987,0,1,789,193,161504607,3
1940,Reading,2,0-043-232-8364,5-800-227-7463,Matt_Reading6518@fuliss.net,7,8/23/1961,1,1,570,916,471277141,2
1941,Thatcher,1,3-586-687-0517,0-388-570-6073,Aiden_Thatcher2370@gompie.com,5,11/7/1992,1,1,296,782,538072155,2
1942,Reid,2,7-032-535-2607,3-034-186-0061,Cherish_Reid3808@kideod.biz,2,12/21/1964,1,3,753,376,222248325,1
1943,Steer,1,7-107-875-7870,7-017-721-5787,Shannon_Steer1737@bulaffy.com,5,1/23/2011,1,2,479,287,445275778,2
1944,Glynn,3,2-635-542-1866,8-244-413-0678,Sarah_Glynn9607@acrit.org,2,7/20/1966,0,1,180,57,386618564,3
1945,Willis,1,2-321-008-1242,6-634-071-2332,Marissa_Willis2614@sheye.org,3,9/17/1990,1,1,31,620,555716511,2
1946,Hilton,3,4-783-706-8608,6-036-507-0803,Boris_Hilton4327@joiniaa.com,5,3/28/1991,0,2,523,192,38747601,3
1947,White,1,8-516-201-5742,5-784-786-1040,Mackenzie_White4994@mafthy.com,2,5/23/1952,3,2,338,710,223030347,1
1948,Lyon,2,1-634-750-2487,8-554-118-8361,Elena_Lyon9715@womeona.net,1,5/31/1997,1,1,580,210,751240586,3
1949,Osman,2,5-531-111-2685,2-722-171-0530,Jules_Osman9289@ubusive.com,1,5/25/1973,1,2,341,192,108677728,2
1950,Townend,1,1-408-671-0337,2-537-632-5848,Marvin_Townend8014@deavo.com,3,4/26/1951,1,1,574,782,510605141,1
1951,Haines,3,5-614-786-4132,6-101-030-2222,Leanne_Haines8087@zorer.org,3,7/5/1988,0,1,169,344,528585870,1
1952,Hooper,2,3-584-348-6557,2-566-437-3236,Amelia_Hooper4028@nickia.com,3,7/19/1952,0,2,972,524,245075727,2
1953,Clark,3,7-864-016-6654,2-267-430-6147,Henry_Clark4665@cispeto.com,2,7/24/1957,0,2,74,393,242521086,2
1954,Ryan,1,6-247-685-4126,5-616-216-0728,Harriet_Ryan1157@womeona.net,1,8/8/1954,1,3,457,889,285844566,3
1955,Townend,1,2-774-838-3484,1-313-402-6432,Destiny_Townend8446@guentu.biz,7,6/20/1970,3,3,256,405,527282747,3
1956,Foxley,3,3-357-681-4426,6-675-718-8204,Sofie_Foxley509@hourpy.biz,7,2/20/2009,0,2,58,656,866822175,2
1957,Garcia,3,6-523-234-4377,0-570-851-7250,Nicole_Garcia1682@extex.org,5,11/25/1970,0,3,172,167,626273501,3
1958,Edwards,3,8-616-430-8033,2-281-854-6513,Rocco_Edwards749@grannar.com,8,8/25/1967,0,3,297,457,815775112,3
1959,Phillips,2,4-058-181-7522,1-102-764-4811,Renee_Phillips1328@nickia.com,2,11/15/2003,1,3,229,833,423485031,1
1960,Steer,1,6-846-186-8152,5-406-144-3442,Payton_Steer1344@iatim.tech,7,8/22/1951,1,3,974,226,800258862,3
1961,Saunders,1,1-817-145-4854,2-026-685-4830,Lillian_Saunders9338@elnee.tech,8,8/13/2005,1,1,873,608,332318444,1
1962,Flett,3,5-363-561-4881,1-281-465-1424,Valerie_Flett6994@ovock.tech,3,3/16/1968,0,1,21,378,853021388,3
1963,Newton,2,4-731-348-5486,5-536-108-1103,Mark_Newton4302@joiniaa.com,1,6/23/2006,1,3,838,758,252288066,1
1964,Khan,2,2-782-043-4286,0-704-006-0487,Domenic_Khan6622@sheye.org,5,1/20/1985,1,3,160,742,274554085,1
1965,Salt,1,8-088-711-0038,3-580-027-4334,Kassandra_Salt9632@acrit.org,5,4/1/1997,1,2,689,201,764878845,3
1966,Khan,2,5-052-551-4636,6-155-267-3404,Nicholas_Khan4960@yahoo.com,5,11/27/2016,1,2,766,891,544343267,1
1967,Stewart,1,1-673-351-8324,7-850-610-0611,Lynn_Stewart7147@nanoff.biz,7,10/9/2000,1,3,226,824,464761553,2
1968,Butler,3,1-570-452-3173,6-028-506-8601,Owen_Butler9393@muall.tech,1,2/22/1960,0,3,589,465,26645748,3
1969,Rust,1,5-556-288-3788,1-376-534-8884,Alice_Rust4976@atink.com,7,8/28/1968,1,2,160,158,55247057,1
1970,Devonport,3,8-725-571-1820,7-445-142-1105,Nick_Devonport7082@deavo.com,2,5/8/1952,0,2,239,339,113023300,2
1971,Brown,3,2-362-225-1463,2-181-182-3248,Chad_Brown7531@sveldo.biz,4,11/8/1962,0,3,117,780,571052024,2
1972,Dunbar,3,7-637-413-6647,6-367-031-2882,Logan_Dunbar587@eirey.tech,5,8/10/1968,0,2,209,121,707376378,2
1973,Lloyd,2,4-860-038-3624,4-842-885-5825,Cassandra_Lloyd9598@dionrab.com,4,11/10/1970,1,1,588,153,541461687,1
1974,Jefferson,2,8-777-652-6728,3-630-457-7068,Caitlyn_Jefferson856@twace.org,2,7/1/1975,1,1,517,318,733766880,2
1975,Chadwick,3,0-505-210-3338,6-161-017-8166,Jack_Chadwick2265@hourpy.biz,7,3/6/2002,0,1,927,522,43551285,2
1976,Robertson,1,3-465-667-4773,6-405-040-3177,Jamie_Robertson4643@bauros.biz,8,4/3/1958,1,1,531,478,621733036,3
1977,Roscoe,1,5-085-608-2572,7-365-100-5027,Matthew_Roscoe6206@typill.biz,8,12/23/1970,1,1,907,529,860854558,1
1978,Jefferson,2,5-064-111-7217,7-001-128-7237,Stephanie_Jefferson7482@iatim.tech,2,8/19/2008,1,3,999,392,407507628,2
1979,Carter,3,4-155-757-4406,1-108-060-7208,Ronald_Carter3766@nickia.com,7,8/12/2001,0,1,549,509,845811400,2
1980,Notman,2,6-518-200-0274,5-686-567-5128,Doug_Notman8461@liret.org,5,2/23/1977,1,1,887,558,164084368,3
1981,Stevens,1,2-678-238-2021,6-824-058-6536,Jules_Stevens7187@gmail.com,8,2/19/1961,1,1,762,625,784068731,1
1982,Murphy,2,1-840-521-1017,2-238-272-5005,Darlene_Murphy2331@zorer.org,2,1/15/1985,1,2,447,5,444408854,2
1983,John,2,5-744-437-3770,8-637-786-5621,Domenic_John7320@brety.org,8,9/19/1987,1,3,900,631,776585718,3
1984,Newton,2,4-514-702-3450,0-045-738-3367,Bob_Newton8388@womeona.net,4,8/28/1950,1,2,995,694,171106366,3
1985,Ripley,1,1-300-213-3172,2-041-703-6038,Domenic_Ripley547@supunk.biz,3,2/24/1986,1,2,539,464,26802083,2
1986,Yard,1,2-351-335-6504,3-221-600-1006,Kate_Yard6681@kideod.biz,4,6/11/1979,2,3,247,2,286304247,2
1987,Wallace,1,8-856-272-0463,2-233-832-5386,Ramon_Wallace9524@twipet.com,4,7/4/2002,3,1,635,890,778172622,2
1988,Swift,1,2-676-586-8184,2-321-051-2854,Rocco_Swift725@ovock.tech,8,5/1/2009,1,1,331,245,677875077,3
1989,Huggins,2,6-272-814-2063,5-455-818-7876,Joseph_Huggins727@naiker.biz,1,12/22/1959,0,2,233,409,221336043,3
1990,Grey,3,6-622-781-3233,0-213-268-8464,Josh_Grey9977@tonsy.org,1,3/16/1955,0,3,101,77,116528386,3
1991,Darcy,3,5-875-546-6287,5-883-826-1720,Amy_Darcy8231@gompie.com,3,9/16/1970,0,1,574,193,538647053,2
1992,Flack,3,8-001-270-2021,6-646-241-4208,Sylvia_Flack1877@acrit.org,1,12/24/1952,0,2,835,672,734218356,3
1993,Blackburn,3,5-026-558-1587,8-465-560-8677,Rita_Blackburn8141@typill.biz,1,10/30/1987,0,1,757,178,68375360,2
1994,Jefferson,2,4-433-061-2267,4-168-283-6838,Nick_Jefferson261@zorer.org,7,8/3/1969,1,2,37,444,55325324,3
1995,Rees,2,2-708-543-6505,7-816-107-5834,Chester_Rees4981@twace.org,6,2/24/1979,1,2,260,786,620237471,3
1996,Kelly,2,0-730-226-5166,5-544-641-7556,Tom_Kelly1281@sveldo.biz,6,6/13/1991,1,1,991,543,320086068,2
1997,Grady,3,8-013-788-6644,2-675-770-2828,Benjamin_Grady7166@cispeto.com,4,2/27/2001,0,2,613,517,508242268,1
1998,Price,2,2-670-331-0835,5-624-608-0447,Phoebe_Price1888@kideod.biz,5,1/3/1966,1,2,203,775,207567400,1
1999,Jeffery,2,8-743-650-0731,4-745-451-3265,Clarissa_Jeffery2156@deavo.com,8,9/12/1962,1,1,114,267,545302206,2
2000,Rodwell,1,0-723-151-0021,5-680-286-3026,Fred_Rodwell4153@typill.biz,6,1/29/2004,1,2,251,440,505810214,3
