2001,Eaton,3,8-485-166-8561,4-314-602-2075,Julianna_Eaton8134@ubusive.com,5,6/24/2000,0,3,966,41,38344247,1
2002,Pierce,2,3-100-328-5200,1-556-221-2012,George_Pierce9916@infotech44.tech,2,12/16/1987,1,1,786,885,813514205,1
2003,Reid,2,0-434-104-5514,0-148-611-0500,Analise_Reid6987@famism.biz,7,9/30/1984,1,2,654,104,838605464,2
2004,Logan,2,5-820-330-0753,2-311-552-8153,Sylvia_Logan5366@nickia.com,6,12/12/1999,1,1,951,164,874384161,2
2005,Whitehouse,1,4-561-512-1556,0-376-142-1563,Matthew_Whitehouse6871@liret.org,5,2/25/1968,2,3,699,759,316163632,1
2006,Corbett,3,0-010-300-8716,4-064-260-1888,Leilani_Corbett9502@infotech44.tech,1,11/25/1991,0,1,25,456,627252380,2
2007,Darcy,3,4-326-634-4782,1-327-853-1821,Chadwick_Darcy4754@fuliss.net,7,6/23/2001,0,1,835,625,24444325,2
2008,Lowe,2,1-245-310-2867,7-744-226-3876,Greta_Lowe6862@ovock.tech,5,6/7/1985,1,1,643,354,462605183,3
2009,Zaoui,1,2-782-100-8617,6-874-760-4276,Candice_Zaoui6468@jiman.org,2,1/1/2021,2,2,210,187,154665244,2
2010,Simpson,1,6-558-622-6010,5-231-077-5820,Ember_Simpson959@supunk.biz,2,3/9/2019,1,2,840,232,817773717,1
2011,Harris,3,3-035-810-8032,5-056-200-5544,Caleb_Harris2921@typill.biz,8,9/7/2008,0,3,586,273,522744771,2
2012,Parsons,2,2-378-137-6855,5-543-372-7417,Davina_Parsons3685@twipet.com,7,10/21/2016,1,3,893,92,765201664,2
2013,Oakley,2,5-315-572-1145,4-088-520-4346,John_Oakley4170@gmail.com,7,1/3/1960,1,3,562,193,734453852,3
2014,Murphy,2,7-485-102-3877,8-568-222-8162,Julian_Murphy6981@gompie.com,6,8/27/1991,1,1,404,357,660576700,1
2015,Martin,2,7-258-030-2688,4-442-168-5720,Rufus_Martin5103@gembat.biz,4,7/1/1960,1,2,110,222,78150701,2
2016,Parsons,2,1-685-376-6533,1-520-762-6706,Danielle_Parsons2442@sheye.org,2,12/24/2006,1,1,525,54,824275133,3
2017,Rosenbloom,1,1-726-750-6045,5-463-622-3057,Elijah_Rosenbloom93@kideod.biz,1,12/23/1990,1,3,577,977,488534161,2
2018,Olson,2,0-215-466-1603,2-284-110-2522,Johnathan_Olson321@supunk.biz,4,1/18/1960,1,1,741,641,124372726,1
2019,Patel,2,4-113-760-1308,2-560-272-6411,Roger_Patel5325@sveldo.biz,2,3/7/1952,1,2,415,272,403756347,2
2020,Burnley,3,1-355-702-1330,2-718-341-2053,Phillip_Burnley6718@joiniaa.com,8,8/25/1952,0,1,211,658,444873515,1
2021,Hunter,2,8-216-367-8331,1-386-364-7681,Denis_Hunter158@acrit.org,8,8/2/1995,0,1,941,350,131548705,2
2022,Styles,1,3-257-604-8777,8-546-612-6403,Nathan_Styles486@tonsy.org,8,4/16/1976,1,3,610,985,548678185,1
2023,Chappell,3,8-112-041-7734,8-778-730-8855,Abdul_Chappell6721@bauros.biz,4,1/12/2003,0,2,952,311,287087856,1
2024,Newton,2,1-081-134-8761,1-550-425-2345,Danny_Newton7675@irrepsy.com,4,9/8/2009,1,3,503,528,175834174,3
2025,Snow,1,6-312-686-4473,3-628-850-4216,Tess_Snow5739@gompie.com,5,6/3/1981,1,3,532,927,672332320,3
2026,Pearson,2,1-660-206-4450,3-612-678-8656,Hank_Pearson4597@jiman.org,8,10/20/1955,1,3,669,684,782688608,3
2027,Farrell,3,2-868-008-3081,0-614-544-4426,Emery_Farrell9284@gembat.biz,4,11/8/1956,0,3,825,243,863314368,1
2028,Knight,2,6-452-110-7422,6-122-875-4577,Rick_Knight9495@mafthy.com,8,7/3/1983,1,2,241,671,352284641,3
2029,Dubois,3,2-052-061-7523,5-601-833-8865,Leah_Dubois7140@extex.org,4,2/18/1971,0,1,69,162,728675074,1
2030,Mccormick,2,2-604-086-0360,6-618-711-5872,Ron_Mccormick4557@deavo.com,3,1/21/1982,1,2,707,903,816606452,3
2031,Barrett,3,3-563-555-2670,6-518-750-8056,Raquel_Barrett4961@liret.org,2,4/9/1950,0,1,90,657,575235485,2
2032,Groves,3,4-260-185-3622,7-608-152-6711,Lillian_Groves5805@vetan.org,7,3/26/1996,0,1,114,229,641836366,2
2033,Yarlett,1,0-371-047-6260,7-866-866-3713,Russel_Yarlett3176@womeona.net,3,1/28/1973,3,1,134,212,656617265,1
2034,Leigh,2,5-064-730-5116,8-351-501-5846,Raquel_Leigh1579@gembat.biz,8,10/21/2005,1,3,923,184,362031278,1
2035,Gregory,3,2-203-632-5638,5-306-803-8342,Cassandra_Gregory5537@sveldo.biz,5,4/26/1975,0,2,137,951,618713245,3
2036,Sherwood,1,4-624-444-7267,2-265-021-8243,Maxwell_Sherwood9921@nanoff.biz,2,6/9/1988,1,3,684,607,830274873,3
2037,Speed,1,7-074-677-4614,6-327-640-1423,Domenic_Speed9164@kideod.biz,4,5/5/1960,1,3,191,108,584351155,1
2038,Darcy,3,7-743-438-0307,5-532-313-4580,Daria_Darcy6929@irrepsy.com,1,5/10/1972,0,2,533,210,813273250,1
2039,Sherry,1,1-784-703-2780,5-670-841-7578,Chelsea_Sherry1191@deavo.com,6,7/24/1995,1,1,713,347,742017150,1
2040,Parker,2,1-087-360-2567,7-713-757-2476,Rebecca_Parker4607@twipet.com,2,8/24/2012,1,2,886,633,862320531,1
2041,Gray,3,6-323-708-6227,4-858-686-3745,Sonya_Gray8008@deons.tech,1,7/28/1959,0,2,144,471,104010785,3
2042,Reid,2,1-852-608-0428,8-055-824-1132,Sydney_Reid9708@nanoff.biz,6,3/4/1953,1,2,943,239,7434804,2
2043,Wild,1,5-642-657-2884,7-703-624-7250,Rosalee_Wild9902@twace.org,1,5/12/1972,1,3,570,553,805485268,1
2044,Lee,2,7-658-626-4820,7-821-851-4651,Angel_Lee2959@bauros.biz,1,12/18/1989,1,2,1,686,684232804,1
2045,Murphy,2,2-872-416-2221,1-728-100-6031,Fred_Murphy6813@atink.com,6,9/14/2020,1,2,344,385,518185054,2
2046,Coates,3,4-008-047-3486,5-351-668-1110,Matthew_Coates1382@atink.com,6,4/17/1951,0,3,978,578,583388003,1
2047,Gordon,3,1-258-257-2825,6-057-104-3286,Jasmine_Gordon4887@supunk.biz,1,4/9/2002,0,1,526,922,257430356,1
2048,Sherry,1,2-838-813-3621,1-768-056-3814,Percy_Sherry9273@bungar.biz,4,3/21/1953,1,1,303,991,320854163,3
2049,Stone,1,3-848-167-5581,0-042-262-6740,Audrey_Stone1576@deons.tech,7,4/28/1959,1,1,345,6,800400202,3
2050,Reynolds,2,8-072-323-7240,5-653-074-3438,Darlene_Reynolds5867@gompie.com,4,3/15/2000,1,2,635,133,164172528,3
2051,Bell,3,4-160-262-0533,6-845-724-0616,Noah_Bell5560@grannar.com,5,9/5/1993,0,1,34,877,35131075,3
2052,Oldfield,2,4-010-480-2131,2-328-646-7214,Julian_Oldfield1531@muall.tech,3,9/10/1991,1,1,517,311,525380261,3
2053,Lucas,2,6-678-232-3336,3-063-303-8383,Percy_Lucas3185@bulaffy.com,6,5/27/1997,1,2,245,101,324753071,1
2054,Rose,1,3-814-620-7647,4-727-708-3548,Scarlett_Rose7036@nimogy.biz,4,9/11/1975,1,2,18,474,788270153,3
2055,Cork,3,7-200-411-7006,2-658-235-3337,Brad_Cork9434@naiker.biz,5,6/7/2017,0,2,863,263,752527873,1
2056,Ralph,2,4-873-753-5841,2-606-204-0812,Daniel_Ralph2354@naiker.biz,1,3/15/1953,1,1,887,901,234403257,3
2057,Clarke,3,8-528-270-6000,6-224-161-2055,Winnie_Clarke5409@sheye.org,5,2/26/1954,0,1,510,74,745837140,2
2058,Kirby,2,0-737-460-0775,2-257-548-3761,Kurt_Kirby7920@supunk.biz,8,10/30/1958,1,2,245,353,770126180,2
2059,Roman,1,1-085-485-4343,8-657-680-8054,Rufus_Roman5706@brety.org,3,4/28/1970,1,2,832,353,412030434,2
2060,Russel,1,2-111-204-6308,5-452-531-6538,Wade_Russel6167@gembat.biz,1,10/13/1997,1,3,104,576,858167200,2
2061,Riley,1,7-330-721-2670,6-305-520-2858,Maxwell_Riley3392@ovock.tech,4,6/1/2016,1,2,747,2,188574481,1
2062,Vaughan,1,5-450-232-5783,2-661-481-8100,Mona_Vaughan3624@fuliss.net,5,4/18/1955,2,3,768,109,673416761,1
2063,Burnley,3,8-248-603-4708,0-336-561-4020,Joseph_Burnley3637@muall.tech,4,12/30/1987,0,2,605,360,440646671,1
2064,Roberts,1,1-380-714-0468,7-810-143-8412,Ciara_Roberts5433@extex.org,6,8/22/1978,1,3,105,462,457048414,1
2065,Rixon,1,0-381-215-5573,3-703-031-8040,Ethan_Rixon7179@bungar.biz,1,4/14/1950,1,1,344,327,212184755,2
2066,Chappell,3,2-716-837-0113,1-340-570-0212,Hadley_Chappell1291@irrepsy.com,2,5/18/1992,0,2,121,770,781335053,3
2067,Pickard,2,3-453-568-5014,6-034-267-0601,Amy_Pickard8052@deavo.com,3,6/19/2018,1,3,928,344,636681211,3
2068,Gibson,3,8-441-430-0357,6-372-056-1675,Adalind_Gibson7869@sveldo.biz,8,7/2/1974,0,3,570,194,572244037,1
2069,Pond,2,4-466-627-1128,8-300-175-2260,Mason_Pond965@sveldo.biz,1,9/24/1981,1,1,63,321,404348336,2
2070,Lowe,2,8-024-585-4857,2-711-406-3765,Danny_Lowe8568@cispeto.com,3,12/14/1976,1,3,789,129,674318026,2
2071,Allwood,3,6-010-513-5005,3-387-736-3340,Nate_Allwood5930@typill.biz,5,3/25/2021,0,2,582,89,251250250,1
2072,White,1,6-042-242-6348,1-030-414-6642,Carl_White1775@deavo.com,5,12/8/1991,3,1,662,442,661637576,2
2073,Bailey,3,0-140-730-0570,8-731-575-3825,Angel_Bailey8991@gembat.biz,5,7/5/1992,0,2,427,14,73772680,1
2074,Seymour,1,6-670-116-4133,6-828-275-4457,Nicholas_Seymour8318@joiniaa.com,6,3/10/1992,1,3,832,270,662486803,3
2075,Hall,3,7-148-300-1836,4-340-565-7306,Ruby_Hall5456@ubusive.com,1,6/2/1988,0,1,660,33,254167575,1
2076,Hastings,3,5-261-542-8800,2-517-344-1585,Jessica_Hastings5455@ovock.tech,1,7/19/1957,0,2,410,231,243225174,2
2077,Hall,3,1-311-530-4856,6-641-860-8822,Rosie_Hall3691@womeona.net,3,2/8/1978,0,2,988,60,350738237,1
2078,Jenkin,2,4-211-004-3070,3-575-237-8775,Chadwick_Jenkin308@muall.tech,7,12/27/1969,1,1,202,335,180332124,1
2079,Palmer,2,7-120-843-3807,3-614-320-7814,Rosemary_Palmer7470@qater.org,5,2/6/2011,1,3,948,611,354281525,1
2080,Mason,2,6-718-557-4210,8-667-385-2742,Jacob_Mason5902@bungar.biz,4,3/28/1995,1,3,569,692,27265001,1
2081,Rogers,1,8-484-254-6415,6-078-371-4450,Hadley_Rogers184@supunk.biz,2,12/29/1994,1,2,359,192,265314830,3
2082,Baker,3,3-168-732-0517,2-185-070-7270,Rachael_Baker9443@womeona.net,2,12/1/1972,0,3,175,916,631285142,1
2083,Darcy,3,5-758-868-7632,2-076-164-2063,Andrea_Darcy965@ovock.tech,5,7/25/1983,0,2,174,580,836406303,1
2084,Bennett,3,3-831-177-0033,5-505-170-1140,Chadwick_Bennett2707@deons.tech,6,12/13/1971,0,2,549,297,737565082,1
2085,Bentley,3,8-546-082-1232,4-262-806-3400,Chad_Bentley5232@iatim.tech,3,4/18/1976,0,1,975,543,213860101,3
2086,Asher,3,4-401-172-8647,4-531-007-7101,Kurt_Asher5643@muall.tech,4,4/1/1958,0,3,997,451,885556610,2
2087,Chapman,3,3-821-486-4006,5-502-136-2644,Joseph_Chapman7121@iatim.tech,4,8/2/1962,0,3,885,112,48207387,2
2088,Rogers,1,8-410-052-3084,7-535-247-8144,Marvin_Rogers7633@elnee.tech,4,4/22/1970,1,2,262,632,768213578,3
2089,Bentley,3,6-384-353-6434,6-338-570-4335,Benjamin_Bentley2779@cispeto.com,3,9/24/1976,0,2,648,106,831588130,2
2090,Eyres,3,6-186-080-7052,8-744-876-0758,Leilani_Eyres1994@bretoux.com,6,9/2/1950,0,2,463,720,701661062,3
2091,Lewis,2,5-365-436-0118,5-054-743-6063,Sylvia_Lewis9138@bauros.biz,3,4/7/2009,1,2,962,669,446358233,1
2092,Vinton,1,1-143-114-0545,7-601-377-1867,Rachael_Vinton6040@ubusive.com,2,6/24/2005,2,1,864,947,240601238,1
2093,Quinn,2,6-528-707-1412,0-065-135-3080,Noah_Quinn4102@womeona.net,5,1/12/1993,1,3,170,941,685803286,3
2094,Alldridge,3,0-862-360-4732,8-166-812-5673,Daron_Alldridge4988@guentu.biz,7,3/14/2009,0,2,69,224,454680681,3
2095,Palmer,2,6-427-851-2810,4-767-440-6523,Logan_Palmer9446@gembat.biz,8,9/21/1995,1,1,257,683,404040425,1
2096,Knight,2,7-861-186-7364,1-181-513-2835,Grace_Knight235@nimogy.biz,6,11/2/1979,1,3,517,940,20001212,2
2097,Rossi,1,3-047-171-0245,7-778-180-2864,Nick_Rossi5283@grannar.com,2,11/23/2009,1,1,114,533,322210832,1
2098,Alexander,3,0-166-832-7266,5-801-212-8582,Hannah_Alexander196@infotech44.tech,7,8/3/1955,0,2,872,511,278134185,2
2099,Wilson,1,1-602-614-1531,7-072-767-6367,Javier_Wilson3342@naiker.biz,6,4/12/1987,2,2,493,946,857770134,1
2100,London,2,3-213-733-8510,0-275-247-3564,Bart_London6953@sveldo.biz,5,7/6/1988,1,3,790,190,632552716,3
2101,Avery,3,8-737-314-4222,8-788-581-8232,Elisabeth_Avery8316@gompie.com,7,12/21/1953,0,1,259,126,886054082,1
2102,Connell,3,7-225-172-2725,2-167-321-6551,Chloe_Connell1527@grannar.com,3,12/30/2015,0,1,687,329,113063345,1
2103,Ross,1,5-248-464-3506,4-064-623-5600,Josh_Ross8559@acrit.org,5,1/18/2008,1,1,781,71,746726164,3
2104,Appleton,3,6-030-681-2462,5-662-415-5355,Zoe_Appleton9530@joiniaa.com,3,1/23/1975,0,2,932,87,858314800,1
2105,Myatt,2,5-316-576-4445,1-081-045-1045,Sadie_Myatt5654@womeona.net,2,3/5/1950,1,3,454,223,107325817,3
2106,Nelson,2,5-862-476-7405,0-807-426-8841,Nick_Nelson8806@liret.org,2,1/31/1994,1,3,538,868,671152420,2
2107,Hood,3,6-076-701-3327,3-555-428-4470,Peyton_Hood2499@joiniaa.com,3,10/18/1974,0,1,488,861,820616832,2
2108,Rogers,1,1-613-478-7874,0-755-315-5742,Peter_Rogers6599@typill.biz,2,9/21/1966,1,1,777,450,380550136,1
2109,Alldridge,3,1-322-433-7235,7-704-875-7244,Analise_Alldridge5800@famism.biz,2,9/26/2009,0,2,525,978,327573761,3
2110,Brock,3,4-070-757-6070,0-116-277-5162,Emery_Brock5845@dionrab.com,4,4/18/1964,0,1,128,249,764742383,3
2111,Isaac,2,2-683-802-6227,7-242-216-1628,Tyson_Isaac3651@extex.org,5,11/9/1989,0,1,221,467,571706542,3
2112,Funnell,3,7-628-770-3078,3-707-176-2253,Jayden_Funnell4713@tonsy.org,7,5/30/1976,0,1,417,355,110465525,1
2113,Jenkin,2,7-412-087-5617,6-624-370-3476,Gil_Jenkin4281@supunk.biz,3,1/20/1978,1,3,834,193,161221117,1
2114,Quinton,2,8-534-745-4823,4-425-841-0368,Winnie_Quinton5245@fuliss.net,5,2/26/1983,1,1,773,682,468437543,2
2115,Wooldridge,1,0-824-848-8258,4-738-072-0784,Jayden_Wooldridge147@womeona.net,4,4/15/1954,0,1,757,491,652645275,3
2116,Mcleod,2,8-746-468-4433,4-140-850-5528,Martha_Mcleod3908@tonsy.org,7,6/16/1963,1,3,175,832,323055133,2
2117,Sheldon,1,1-362-480-5285,0-347-753-8304,Joseph_Sheldon4986@elnee.tech,8,8/2/1962,1,2,773,792,23064731,2
2118,Zaoui,1,2-684-687-4417,8-118-803-5528,Willow_Zaoui8074@grannar.com,2,9/23/1985,0,1,687,32,355521628,2
2119,Adams,3,8-258-886-3425,8-658-704-3118,Madelyn_Adams4082@nickia.com,5,12/10/1959,0,1,238,0,708182887,1
2120,Seymour,1,5-287-408-7126,0-204-747-8622,Makena_Seymour7933@vetan.org,6,9/5/1997,1,3,478,160,443648362,1
2121,Thompson,1,3-686-442-3047,4-068-136-3812,Harvey_Thompson3540@nimogy.biz,2,4/30/1978,1,2,436,6,871617272,2
2122,Seymour,1,0-661-341-7668,7-241-022-0848,Tara_Seymour1382@naiker.biz,1,6/15/2018,1,3,92,877,271257774,1
2123,Palmer,2,6-666-404-3585,1-401-025-0353,Daron_Palmer5431@infotech44.tech,5,12/30/1985,1,1,165,968,313568838,3
2124,Andrews,3,1-088-611-3061,4-554-160-3416,Josh_Andrews5058@joiniaa.com,1,11/6/1990,0,2,311,769,560531535,1
2125,Bell,3,3-811-187-3464,7-034-201-4144,Esmeralda_Bell6263@corti.com,8,10/17/2018,0,3,881,398,678418868,3
2126,Oldfield,2,2-860-172-1725,4-244-436-8256,Sonya_Oldfield28@dionrab.com,6,12/26/1992,1,2,527,875,247210881,2
2127,Forester,3,0-253-465-3233,4-843-275-5668,Lillian_Forester2775@irrepsy.com,2,7/23/2012,0,1,509,476,236765847,2
2128,Emmott,3,7-085-572-1383,6-744-140-1827,Johnny_Emmott8055@gmail.com,8,4/30/1956,0,3,790,864,473013807,3
2129,Grant,3,1-010-012-4546,6-576-140-0611,Danny_Grant7315@deons.tech,5,6/16/1959,0,3,85,590,832606712,2
2130,Emmott,3,7-260-263-3483,4-048-073-8330,Nick_Emmott9939@corti.com,3,10/15/2015,0,3,145,462,11026245,2
2131,Lakey,2,5-732-245-6101,8-410-255-7765,Julia_Lakey8444@brety.org,2,10/12/2008,1,1,437,779,65145616,3
2132,Logan,2,0-047-222-6665,0-115-784-0755,Rylee_Logan7106@nimogy.biz,7,7/9/1978,1,2,476,453,876834123,1
2133,Payne,2,8-426-003-2765,2-022-168-4861,Chris_Payne9059@twace.org,5,6/9/2016,1,1,900,14,353524145,1
2134,Leslie,2,1-446-470-7714,4-767-045-6835,George_Leslie1232@gmail.com,6,8/8/1975,1,1,959,536,535543656,1
2135,James,2,1-233-122-3576,5-558-202-4833,Belinda_James4510@typill.biz,7,12/11/1995,0,2,202,564,770300406,1
2136,Stone,1,5-222-667-5525,5-811-145-7485,Daron_Stone6561@nickia.com,2,10/15/1976,1,3,509,120,36427182,1
2137,Darcy,3,6-650-714-0020,1-074-474-8855,Chris_Darcy3959@acrit.org,8,10/20/1977,0,1,512,877,768661610,2
2138,Matthews,2,4-037-558-3253,0-683-404-1215,Hayden_Matthews7705@sheye.org,6,4/17/1958,1,3,822,326,13112302,2
2139,Hope,2,1-084-003-0650,6-283-550-7150,Josh_Hope5022@sheye.org,1,3/26/1960,0,1,306,763,736428328,1
2140,Dobson,3,6-154-600-0481,6-402-418-1147,Chuck_Dobson9304@ovock.tech,7,4/8/1969,0,3,684,113,268883510,3
2141,Clayton,3,6-887-320-0662,1-078-726-8154,Ronald_Clayton8267@zorer.org,5,2/12/2011,0,2,372,915,606701348,1
2142,Parsons,2,3-048-818-8037,3-156-865-2818,Harvey_Parsons3998@corti.com,8,6/14/2018,1,3,367,965,532528130,1
2143,Ward,1,2-620-771-0171,3-166-110-4113,Gabriel_Ward2372@jiman.org,7,1/20/1975,2,1,438,209,246632043,1
2144,York,1,7-215-330-7388,0-175-442-7606,Andie_York4486@vetan.org,5,12/16/1996,2,3,497,629,30556086,1
2145,Kelly,2,5-600-388-3425,8-243-417-1168,Abdul_Kelly6898@nimogy.biz,3,8/16/1953,1,3,531,657,732722727,2
2146,Dempsey,3,6-571-003-0326,2-763-055-5032,David_Dempsey8563@vetan.org,6,8/29/1974,0,3,404,351,482758817,1
2147,Overson,2,0-583-620-2074,5-414-144-3484,Taylor_Overson7255@famism.biz,8,12/20/1967,1,1,239,160,245016867,3
2148,Morris,2,5-608-557-8648,5-432-063-5113,Danny_Morris490@infotech44.tech,2,12/1/1991,1,2,348,48,361575260,2
2149,Rowan,1,4-385-724-2450,7-233-885-1880,Eryn_Rowan39@yahoo.com,7,7/11/1968,1,2,601,410,730716441,3
2150,Moss,2,5-302-635-4870,3-748-663-4085,Angelique_Moss496@brety.org,1,8/21/1974,1,2,336,682,265855418,3
2151,Dyson,3,6-256-408-1335,1-661-686-0204,Oliver_Dyson935@twace.org,7,7/5/1996,0,3,119,444,204441560,3
2152,Yarlett,1,2-340-836-6375,4-444-271-2545,Martin_Yarlett3982@naiker.biz,2,11/27/1975,0,1,595,106,760331000,3
2153,Rose,1,2-108-368-0644,1-873-753-5612,Carmella_Rose364@zorer.org,2,8/14/2013,1,1,912,254,650535568,3
2154,Turner,1,6-075-306-7645,7-843-053-8400,Ethan_Turner8817@gmail.com,2,2/22/1970,0,2,808,711,183522765,3
2155,Booth,3,1-718-116-2708,2-643-650-6882,Shay_Booth7997@guentu.biz,1,11/19/1997,0,1,212,570,200760537,3
2156,John,2,4-783-551-2405,6-475-137-7530,Rita_John4786@gmail.com,7,12/27/1970,1,3,909,454,510405380,3
2157,Quinton,2,4-360-430-0586,5-453-582-4630,Alexander_Quinton2892@gmail.com,8,10/12/1970,1,2,410,0,567112440,3
2158,Horton,2,5-860-367-5175,0-375-533-3435,Caleb_Horton546@gmail.com,5,7/29/1999,0,3,505,377,686328824,3
2159,Woodley,1,5-030-610-5510,7-108-506-8356,Rocco_Woodley460@bretoux.com,6,3/8/1950,3,1,381,246,670171670,2
2160,Davies,3,4-643-363-5561,1-086-401-8126,Chuck_Davies1834@bretoux.com,5,5/3/1987,0,2,119,808,730217507,1
2161,Hopkins,2,8-184-468-7581,1-815-716-6621,Felicity_Hopkins2270@sveldo.biz,8,6/12/2019,0,3,545,420,118058214,1
2162,Lloyd,2,6-700-355-3064,6-446-721-7363,Eden_Lloyd7025@nickia.com,8,1/29/1961,1,3,424,72,162383851,3
2163,Rycroft,1,6-842-701-4438,7-437-251-3233,Jacob_Rycroft5106@nanoff.biz,5,4/1/1987,1,3,979,196,563764813,3
2164,Malone,2,1-723-114-1521,0-715-862-3580,Jacob_Malone5346@jiman.org,2,12/13/1982,1,3,58,795,118725633,3
2165,Richards,1,7-117-241-3748,8-118-053-0461,Elle_Richards6746@deavo.com,3,12/9/1995,1,1,641,900,455853528,1
2166,Thomson,1,6-551-136-4857,3-704-373-5141,Chuck_Thomson8727@tonsy.org,2,5/27/1985,1,3,273,127,45480108,1
2167,Boyle,3,2-562-176-6542,3-344-176-5568,Anthony_Boyle9156@liret.org,3,3/10/1971,0,3,189,63,450435207,3
2168,Malone,2,8-322-056-1070,7-081-217-3670,Harriet_Malone5162@joiniaa.com,2,2/15/1955,1,3,182,38,537751480,3
2169,Camden,3,3-531-614-1445,6-850-100-8577,Celia_Camden5087@tonsy.org,1,2/27/1979,0,3,352,635,63176625,1
2170,Reese,2,4-173-286-4710,3-761-864-4670,Ron_Reese7416@famism.biz,1,9/16/1976,1,3,248,555,815623184,3
2171,Price,2,2-481-037-3033,5-013-140-3312,Jayden_Price5747@famism.biz,8,3/2/2021,1,1,171,143,248321210,3
2172,Robertson,1,4-767-306-0046,5-621-148-8131,Percy_Robertson3484@vetan.org,3,2/12/1984,1,1,695,86,432055837,3
2173,Flack,3,5-625-503-2532,3-867-572-2632,Rhea_Flack5544@bulaffy.com,7,11/18/1999,0,3,634,43,414787585,1
2174,Warren,1,5-616-087-2325,2-032-743-3666,Mavis_Warren3145@nanoff.biz,2,11/21/1974,2,3,600,907,241382520,1
2175,Squire,1,0-221-244-1887,7-340-448-8074,Harvey_Squire6477@mafthy.com,2,6/1/2013,1,3,287,27,242553254,2
2176,Andrews,3,4-311-112-4450,5-318-342-4455,Kendra_Andrews6597@zorer.org,4,7/27/1970,0,3,264,765,222300074,3
2177,Brett,3,7-525-105-7124,2-732-755-7243,Julian_Brett9305@elnee.tech,7,9/18/1989,0,2,600,491,281245811,1
2178,Vallory,1,8-444-761-6475,4-127-123-3831,Monica_Vallory5180@deavo.com,8,12/21/1981,0,2,296,600,204230306,3
2179,Bingham,3,6-655-178-8363,1-801-268-6107,Michaela_Bingham3165@naiker.biz,3,6/9/1994,0,2,41,626,741027060,1
2180,Hancock,3,2-122-521-0148,0-386-082-7727,Rocco_Hancock2501@ubusive.com,8,6/29/1992,0,2,598,432,70521506,1
2181,Woods,1,7-446-267-6558,8-464-675-4308,Rose_Woods7061@extex.org,2,12/22/1990,3,3,335,573,757087513,1
2182,Latham,2,0-810-463-6237,4-657-823-8776,Chester_Latham1005@gmail.com,2,3/19/1958,1,2,794,356,463042465,2
2183,Fowler,3,3-422-066-6877,1-551-104-3705,Dani_Fowler5927@brety.org,3,2/3/1972,0,1,499,344,408172547,2
2184,Lunt,2,5-783-343-2372,7-458-373-6164,Abdul_Lunt4410@liret.org,5,3/29/1952,1,1,430,458,617382123,2
2185,Farrell,3,3-618-223-0562,3-431-168-0041,Enoch_Farrell4387@zorer.org,3,9/22/1977,0,1,911,967,17126122,1
2186,Redden,2,2-323-357-7146,7-435-357-1860,Aileen_Redden9119@gompie.com,4,9/1/1950,1,2,991,983,677678801,2
2187,Clarkson,3,6-158-557-6801,2-651-267-2327,Eduardo_Clarkson5827@deons.tech,6,12/23/1959,0,1,910,620,754410751,3
2188,Brock,3,0-031-153-7423,2-666-114-7107,Greta_Brock5140@bauros.biz,8,3/3/1988,0,2,28,28,127601161,1
2189,Bingham,3,1-014-653-6706,1-770-044-1073,Megan_Bingham1088@eirey.tech,5,8/12/1968,0,3,539,48,423436314,3
2190,Powell,2,5-215-788-7833,0-581-460-7702,Marvin_Powell3342@tonsy.org,8,7/16/1953,1,3,613,861,202467167,3
2191,Radcliffe,2,4-042-222-7117,8-311-145-3173,Paula_Radcliffe8784@ovock.tech,2,10/4/1998,1,3,428,23,178076424,3
2192,Lowe,2,5-707-407-1020,3-616-411-1153,Gil_Lowe5876@irrepsy.com,4,9/7/2005,1,1,196,711,538664043,2
2193,Lunt,2,2-320-688-5471,3-553-076-2633,Gil_Lunt2808@qater.org,4,5/23/2016,1,3,698,851,647046202,1
2194,Tait,1,1-831-005-5414,4-831-608-7301,Sebastian_Tait9856@mafthy.com,4,3/18/1972,1,3,568,490,543050802,2
2195,Chapman,3,5-334-522-4716,5-471-137-8634,Bob_Chapman7037@grannar.com,6,10/25/1951,0,2,71,787,31628440,1
2196,Yang,1,7-370-463-5335,2-523-603-0768,Chuck_Yang2896@cispeto.com,6,12/31/2019,2,2,550,19,605278408,1
2197,Lomax,2,6-861-012-3414,3-125-356-7354,Lily_Lomax7902@extex.org,6,9/6/1953,1,1,313,302,443443256,3
2198,Hammond,3,6-566-805-4070,0-000-504-1181,Chad_Hammond1559@joiniaa.com,2,11/20/2008,0,1,653,303,800764203,3
2199,Jarrett,2,6-641-287-0715,6-100-223-4152,Enoch_Jarrett2235@liret.org,7,8/11/1997,0,3,991,32,700751470,2
2200,Hamilton,3,8-515-158-1542,3-586-384-3828,George_Hamilton3254@grannar.com,7,7/12/2020,0,1,261,812,480757206,2
2201,Wilson,1,5-467-052-3758,2-508-884-0070,Adalind_Wilson5669@nimogy.biz,6,5/3/2009,0,1,195,723,64517543,2
2202,Gray,3,0-132-862-0086,6-630-254-4111,Chadwick_Gray7923@joiniaa.com,6,10/8/2002,0,3,402,422,454184562,2
2203,Locke,2,6-830-466-1086,0-346-783-8748,Sasha_Locke9392@nimogy.biz,6,12/29/2007,1,3,889,644,662162353,1
2204,Salt,1,0-545-627-0486,7-788-831-7533,Susan_Salt8691@jiman.org,1,12/26/1963,1,1,99,54,538417104,2
2205,Wilcox,1,1-754-816-0518,3-633-886-6753,Naomi_Wilcox1211@jiman.org,7,5/3/1973,0,1,137,112,624078010,3
2206,Brooks,3,1-420-657-2147,3-610-187-7241,Moira_Brooks8089@nickia.com,1,6/16/2016,0,1,926,891,672080335,3
2207,Oakley,2,6-766-713-4634,0-825-386-8333,Jules_Oakley7014@bauros.biz,4,11/10/2013,1,3,767,42,48043055,2
2208,Shaw,1,4-505-386-3078,5-618-660-3008,Martha_Shaw2641@atink.com,7,11/12/1979,1,2,871,238,145270254,1
2209,Long,2,7-030-264-8501,0-605-788-5064,Logan_Long5523@gmail.com,3,7/17/2001,1,3,678,875,710014182,2
2210,Grady,3,0-728-246-2232,6-263-702-2475,Emma_Grady9967@ovock.tech,1,12/27/1996,0,3,524,991,847013275,1
2211,Gibbons,3,0-307-218-3752,8-754-630-3720,Lexi_Gibbons8408@famism.biz,8,9/11/2011,0,1,481,331,653322735,1
2212,Mackenzie,2,5-548-404-3756,3-228-430-0117,Nate_Mackenzie2876@kideod.biz,2,5/23/2012,1,3,848,494,280355764,3
2213,Yates,1,7-686-423-1186,3-374-850-7214,Tara_Yates2088@nanoff.biz,8,5/3/1956,3,2,737,972,802130727,1
2214,Yang,1,3-648-122-1817,6-613-705-3365,Harry_Yang1768@dionrab.com,2,9/1/1989,3,1,481,698,185317800,2
2215,Norman,2,2-020-026-2424,4-548-083-7038,Tom_Norman7260@tonsy.org,1,6/19/1953,1,3,69,131,861738505,2
2216,Slater,1,2-637-858-0543,7-214-328-3148,Zoe_Slater2119@kideod.biz,8,3/20/2015,1,2,270,978,32768172,3
2217,Holmes,3,2-438-554-5403,4-455-335-2613,Gabriel_Holmes6543@nickia.com,5,2/8/1951,0,3,429,996,167566388,1
2218,Hamilton,3,1-824-587-4788,4-283-482-7362,Gil_Hamilton5937@dionrab.com,8,11/3/2018,0,1,505,168,243227288,2
2219,Boden,3,1-531-175-0844,7-885-102-7764,Owen_Boden42@famism.biz,5,11/19/1962,0,3,996,834,10767246,1
2220,Ellis,3,1-444-414-3706,8-380-372-6831,Liliana_Ellis6839@gembat.biz,6,4/3/1981,0,3,162,534,272142552,1
2221,Hilton,3,3-221-514-4384,7-381-170-0872,Abdul_Hilton7205@qater.org,6,9/17/2003,0,1,348,371,678884317,3
2222,Lomax,2,6-700-177-8732,2-805-775-0453,Eduardo_Lomax4100@yahoo.com,8,12/23/1971,1,1,491,615,760667108,1
2223,Nicolas,2,7-538-701-4250,0-143-356-3850,Anais_Nicolas5164@vetan.org,4,9/23/1968,1,2,411,999,565286766,2
2224,Exton,3,4-726-872-2020,8-850-633-7283,Daron_Exton7970@twace.org,6,7/12/1958,0,2,8,763,720272672,2
2225,Rowlands,1,1-620-142-1184,1-203-176-1445,Sonya_Rowlands6780@bungar.biz,3,10/24/1976,1,1,502,430,586183227,1
2226,Nicholls,2,1-670-506-5166,8-250-845-5450,Josh_Nicholls1222@joiniaa.com,5,6/23/1989,1,3,266,379,134006278,1
2227,Abbey,3,3-854-065-6728,1-550-528-1765,Chuck_Abbey4617@fuliss.net,6,12/21/1953,0,1,399,692,526121412,3
2228,Cooper,3,8-432-343-5524,6-136-315-7814,Mina_Cooper7015@deavo.com,7,1/14/1989,0,1,408,239,572401358,3
2229,Ebden,3,5-205-733-5257,8-570-177-4154,Harry_Ebden76@naiker.biz,6,12/3/1984,0,1,812,410,250065121,1
2230,Myatt,2,2-200-141-6522,8-347-621-0607,Barry_Myatt9219@yahoo.com,6,8/11/2008,1,3,877,247,101318361,3
2231,Ellison,3,1-403-212-1348,7-404-555-4018,Tyson_Ellison6480@atink.com,8,5/12/2014,0,1,254,814,215464767,2
2232,Alldridge,3,2-657-662-8215,3-517-853-1032,Jennifer_Alldridge2982@bungar.biz,1,11/17/1962,0,3,546,180,75161064,1
2233,Newton,2,1-321-676-2848,0-058-845-0328,Owen_Newton5027@nimogy.biz,1,10/22/1996,1,1,474,974,725415407,3
2234,Poole,2,8-635-085-1460,3-828-145-1674,Rose_Poole2219@naiker.biz,5,4/5/1983,1,3,917,37,46330757,1
2235,Weston,1,7-200-213-5571,0-654-210-3016,Kassandra_Weston4688@eirey.tech,2,3/8/1989,3,1,565,630,764116661,3
2236,Baker,3,6-432-516-2223,5-861-275-0646,Gina_Baker5902@nickia.com,7,8/23/1967,0,1,275,117,51236216,2
2237,Bradshaw,3,7-457-188-0185,5-328-455-8465,Felicity_Bradshaw8971@deavo.com,7,12/14/1969,0,2,685,950,756635815,3
2238,Morrison,2,8-370-457-5306,3-344-402-2660,Jack_Morrison6737@yahoo.com,5,11/16/1997,1,3,737,610,432006173,3
2239,Appleton,3,3-200-236-5408,3-758-636-7810,Hayden_Appleton8935@muall.tech,2,9/26/1972,0,1,795,257,638477117,3
2240,Spencer,1,5-366-144-6644,3-543-720-2303,Gil_Spencer296@hourpy.biz,2,11/10/1950,1,3,471,474,821156320,2
2241,Powell,2,1-052-176-7470,0-072-351-2368,Doug_Powell4659@qater.org,7,4/21/1993,1,1,924,124,513563183,3
2242,Morris,2,0-843-133-8682,1-422-483-2014,Chadwick_Morris2763@muall.tech,3,1/12/1952,1,1,420,469,113458708,2
2243,Roberts,1,0-455-416-2701,8-303-885-5526,Candace_Roberts3099@naiker.biz,7,2/14/1998,1,1,779,994,540847571,2
2244,Dobson,3,4-525-872-7578,7-738-744-2627,Ron_Dobson5031@deons.tech,7,12/10/1950,0,2,303,412,137560447,3
2245,Clarkson,3,0-285-418-6763,8-842-513-6864,Javier_Clarkson7843@liret.org,4,6/23/2005,0,1,73,254,162150671,3
2246,Sinclair,1,1-756-620-5132,3-447-605-4113,Matt_Sinclair3813@sheye.org,8,4/4/1989,1,1,115,630,361711176,1
2247,Dann,3,2-021-100-4727,5-187-802-6728,Matthew_Dann7125@hourpy.biz,1,3/18/1965,0,1,104,818,308378042,3
2248,Bowen,3,8-820-876-6428,5-008-277-2242,Charlotte_Bowen8767@famism.biz,2,4/6/1997,0,1,229,125,586440506,2
2249,Hastings,3,7-200-827-2221,2-248-326-6738,Eve_Hastings2204@deavo.com,4,1/8/1964,0,2,801,544,222613008,3
2250,Noach,2,2-502-567-4607,5-708-341-7472,Elise_Noach769@deons.tech,5,2/10/1950,1,2,59,710,588127615,2
2251,Utterson,1,5-728-603-3172,3-605-183-8181,Eileen_Utterson7250@zorer.org,4,6/18/1951,2,3,873,405,656113354,3
2252,Howard,2,5-120-686-6525,8-346-006-3740,Ethan_Howard9832@bulaffy.com,1,11/8/1951,0,1,87,540,171172152,1
2253,Villiger,1,0-211-021-3585,8-860-440-4821,Blake_Villiger8962@mafthy.com,3,4/18/2018,3,2,582,596,721021838,2
2254,Vallins,1,5-470-521-3238,8-464-823-8525,Mason_Vallins3245@zorer.org,7,12/27/2009,2,2,83,420,286434043,3
2255,Waterson,1,8-673-438-0200,2-110-067-0741,Kurt_Waterson4913@yahoo.com,7,12/30/2003,0,3,353,191,677405210,3
2256,Richardson,1,2-726-247-7732,4-583-871-7823,Matthew_Richardson5977@twace.org,7,4/20/2019,1,2,891,936,213521813,3
2257,Lomax,2,1-158-613-4354,7-800-467-7054,Jamie_Lomax5641@extex.org,5,1/23/1977,1,2,296,103,670152840,2
2258,Groves,3,8-513-161-4033,7-361-601-5600,Percy_Groves8251@bungar.biz,1,12/8/1977,0,1,157,423,686630538,2
2259,Slater,1,6-472-081-8502,4-620-021-8433,Lucy_Slater3312@eirey.tech,4,6/24/1991,1,1,392,933,863358236,1
2260,Wheeler,1,3-808-738-1431,6-270-752-2340,Goldie_Wheeler3800@iatim.tech,8,10/7/2007,2,2,628,963,358127316,3
2261,Gibbons,3,5-401-160-3768,8-047-022-3362,Helen_Gibbons5282@extex.org,7,8/20/1958,0,3,666,560,440752638,1
2262,Mcgee,2,1-225-861-7828,7-710-471-3541,Jack_Mcgee6231@eirey.tech,2,4/27/1986,1,1,475,311,735613308,1
2263,Chadwick,3,6-647-604-1831,8-417-516-0753,Mike_Chadwick2661@ubusive.com,6,11/18/2015,0,1,103,524,824426121,3
2264,Lloyd,2,7-718-326-3758,1-771-014-3824,Grace_Lloyd850@bretoux.com,6,6/19/1961,1,2,882,479,60066782,1
2265,Gray,3,8-200-841-8858,6-178-645-3705,Adelaide_Gray1426@acrit.org,4,6/14/2017,0,2,792,720,26356238,1
2266,Parr,2,8-387-021-2570,1-371-086-3485,Caleb_Parr5116@iatim.tech,1,2/6/1960,1,3,629,65,736682487,2
2267,Gardner,3,0-025-764-7240,7-434-863-2741,Chuck_Gardner1768@grannar.com,8,7/1/1967,0,3,48,81,263127414,2
2268,Alcroft,3,8-088-525-0680,4-680-347-7000,Ramon_Alcroft4483@nimogy.biz,3,11/26/2005,0,3,262,477,254848235,1
2269,Parker,2,7-773-078-1374,8-747-168-8042,Nicholas_Parker5469@infotech44.tech,3,1/1/2010,1,3,648,979,85718101,2
2270,Rossi,1,5-028-224-2603,8-207-727-5423,Alex_Rossi9597@zorer.org,5,8/31/1993,1,3,683,299,484401548,2
2271,Pickard,2,0-287-222-3136,8-442-045-2121,Mary_Pickard7060@womeona.net,1,3/29/1986,1,3,103,369,380413756,1
2272,Lowe,2,6-015-452-8076,5-725-763-8522,Harmony_Lowe7720@dionrab.com,8,9/25/1957,1,3,260,667,21330852,1
2273,Potts,2,5-643-742-7557,3-216-273-3734,Harry_Potts5498@ovock.tech,3,8/12/2020,1,1,962,915,322066584,1
2274,Alldridge,3,2-470-832-2737,5-071-366-1183,Rufus_Alldridge5029@typill.biz,3,7/9/2004,0,1,813,62,305378022,2
2275,Mason,2,6-302-207-1630,2-128-044-7821,Evelynn_Mason6783@fuliss.net,1,7/9/1983,1,1,220,861,624867340,3
2276,Nielson,2,7-635-308-6811,5-042-673-5632,Ethan_Nielson6178@infotech44.tech,3,10/18/1960,1,2,290,817,308026312,3
2277,Sylvester,1,3-816-808-3260,0-433-356-4466,Bart_Sylvester8870@typill.biz,1,12/21/2016,1,2,311,770,615266313,2
2278,Marshall,2,8-422-255-0015,8-782-127-5728,Cedrick_Marshall998@sveldo.biz,5,2/21/1975,1,3,770,277,671176301,1
2279,Flynn,3,2-404-767-2780,7-603-751-0511,Boris_Flynn2961@bungar.biz,7,5/11/1980,0,1,313,871,864728044,3
2280,Michael,2,3-310-725-2755,7-837-550-0664,Angelique_Michael2953@guentu.biz,4,10/18/2005,1,1,792,79,556658257,1
2281,Poulton,2,4-371-811-7075,8-547-858-7381,Daron_Poulton5169@kideod.biz,5,5/24/1953,1,1,215,208,554860432,3
2282,Ross,1,4-637-475-1112,7-043-228-2036,Hazel_Ross785@gmail.com,3,1/16/1966,1,1,576,175,701302487,2
2283,Lloyd,2,5-435-323-6053,3-777-757-7234,Natalie_Lloyd6318@grannar.com,6,3/6/1973,1,1,518,48,61854564,3
2284,Upsdell,1,3-830-336-7658,0-458-270-0260,Johnathan_Upsdell69@nanoff.biz,7,5/24/1976,3,1,237,819,33834284,3
2285,Swift,1,2-814-671-3140,2-136-522-2237,Rosie_Swift9869@acrit.org,8,12/9/1986,1,1,587,409,412223505,2
2286,Addison,3,7-825-502-3077,1-405-750-4311,Hayden_Addison3037@womeona.net,6,3/5/1977,0,2,134,518,187500152,1
2287,Sanchez,1,6-772-520-5326,8-546-067-6080,Louise_Sanchez6399@ubusive.com,7,3/4/2017,1,2,9,735,303450143,2
2288,Wild,1,0-477-513-6885,5-787-610-5718,Liam_Wild3208@gompie.com,5,5/21/2008,3,2,781,313,132786387,1
2289,Cadman,3,2-285-836-2725,0-816-144-0542,Gabriel_Cadman3300@infotech44.tech,6,3/11/1980,0,2,43,593,728222243,3
2290,Sawyer,1,2-150-063-2303,1-487-462-0255,Jayden_Sawyer9201@mafthy.com,3,2/21/1991,1,3,260,850,800386735,2
2291,Eagle,3,4-445-045-0042,5-765-841-5864,Caitlyn_Eagle1755@mafthy.com,8,5/16/2014,0,2,304,795,228711424,2
2292,Everett,3,5-406-847-2136,4-232-436-8720,David_Everett6327@grannar.com,7,2/2/2011,0,3,193,668,771013384,1
2293,Waterhouse,1,1-787-835-1476,6-113-282-5331,Rhea_Waterhouse6646@ubusive.com,6,2/28/1957,3,2,722,926,231874844,2
2294,Redwood,2,0-354-408-0738,3-270-221-0634,Sebastian_Redwood3269@ovock.tech,8,12/19/2006,1,2,1,379,303857263,1
2295,Boyle,3,7-811-542-1288,8-327-115-5124,Benjamin_Boyle2140@dionrab.com,8,8/11/1996,0,1,613,809,660267453,3
2296,Gaynor,3,5-688-168-8877,4-835-266-2280,Marla_Gaynor8908@dionrab.com,3,9/7/1976,0,2,453,52,257406063,3
2297,Roberts,1,1-176-201-6684,4-644-188-5008,Skylar_Roberts3219@fuliss.net,8,6/25/1971,1,3,980,773,361242655,2
2298,Roman,1,5-584-132-7321,5-552-875-2346,Nate_Roman7773@kideod.biz,6,3/31/2007,1,3,204,859,226805680,1
2299,Watt,1,4-854-456-0042,3-870-318-7210,Juliette_Watt5559@infotech44.tech,2,9/21/1996,3,3,280,788,210331068,2
2300,Newton,2,7-015-631-4858,8-477-403-4404,Peyton_Newton9121@kideod.biz,7,3/8/1983,1,2,517,543,482507507,2
2301,Wheeler,1,5-462-085-6277,0-787-726-2711,Daniel_Wheeler9243@grannar.com,4,1/2/1996,3,3,228,334,601668618,3
2302,Ranks,2,1-855-118-6423,7-700-084-3566,Benjamin_Ranks3166@mafthy.com,4,6/1/1992,1,3,67,493,824462266,1
2303,Corbett,3,1-088-201-2145,7-381-828-3220,Julian_Corbett6037@yahoo.com,3,5/25/1979,0,1,32,782,51304107,1
2304,Gallacher,3,6-464-038-0181,8-550-633-1237,Tom_Gallacher6089@fuliss.net,4,10/27/1972,0,3,354,326,336245644,2
2305,Wellington,1,7-156-582-2211,6-278-610-7513,Benny_Wellington1074@liret.org,4,9/13/1991,0,2,375,623,277484162,1
2306,Robinson,1,5-785-263-1026,0-444-784-3544,Britney_Robinson3305@ubusive.com,3,1/14/1951,1,3,147,603,455661158,1
2307,Higgs,3,8-752-811-8846,6-165-158-0652,Janelle_Higgs7560@ubusive.com,8,10/21/2015,0,1,194,952,871065458,3
2308,Wilkinson,1,3-438-337-2303,5-111-541-5787,Barney_Wilkinson2723@fuliss.net,5,11/21/1991,0,3,563,262,825651226,1
2309,Vass,1,6-181-307-4411,1-368-287-4308,Leslie_Vass8008@sheye.org,5,1/9/2015,3,3,703,800,782263508,3
2310,Tyler,1,5-472-642-3836,1-384-505-6313,Juliet_Tyler880@sheye.org,7,3/5/2001,1,3,681,801,441741683,2
2311,Ainsworth,3,1-244-371-1727,2-363-055-2574,Leslie_Ainsworth8001@ovock.tech,2,2/1/1991,0,1,521,194,454664610,1
2312,Rowe,1,7-655-785-7065,0-730-867-5355,Ethan_Rowe2274@gembat.biz,4,2/1/1998,1,1,89,421,261365323,1
2313,Ingram,2,8-852-874-8887,6-620-275-1424,Nick_Ingram2180@tonsy.org,6,10/9/2010,0,1,223,474,370833126,3
2314,Samuel,1,1-666-224-7647,3-521-533-4430,Anabel_Samuel234@tonsy.org,2,11/28/2018,1,1,692,314,675255430,3
2315,Gosling,3,7-010-341-8805,8-777-245-0364,Aeris_Gosling3422@womeona.net,4,11/9/1953,0,1,102,240,602830020,1
2316,Robertson,1,4-041-020-3047,5-165-446-2874,Carter_Robertson4664@famism.biz,5,4/20/1998,1,2,921,660,437783653,2
2317,Utterson,1,2-510-048-2414,7-164-135-8000,Hope_Utterson6286@kideod.biz,4,10/1/1976,1,1,578,93,365861524,2
2318,Clifford,3,8-788-154-1768,1-103-044-1155,Christy_Clifford1251@twace.org,7,1/21/1974,0,2,958,37,372535171,1
2319,Allen,3,1-748-456-4620,8-544-075-3177,Luke_Allen2428@gompie.com,3,9/6/1951,0,2,895,802,640316618,3
2320,Shepherd,1,1-088-534-2812,6-454-151-3423,Marvin_Shepherd6086@tonsy.org,1,6/13/2020,1,3,237,699,131473242,2
2321,Edley,3,2-138-050-6671,5-308-013-7826,Scarlett_Edley4373@liret.org,6,6/30/1993,0,1,90,748,620153848,3
2322,Pope,2,4-270-732-7513,5-168-741-5586,Johnny_Pope113@kideod.biz,5,11/23/2011,1,3,390,669,734610110,1
2323,Uttridge,1,8-422-554-2000,2-045-620-6875,Brad_Uttridge5755@nimogy.biz,5,12/25/1953,0,3,249,308,133755367,1
2324,Fenton,3,3-217-635-6210,0-060-711-2165,Regina_Fenton5348@extex.org,6,10/22/1976,0,3,122,192,506832766,1
2325,Santos,1,0-016-733-0348,0-245-245-7257,Rhea_Santos529@vetan.org,7,8/5/1998,1,1,27,371,514128648,3
2326,Wright,1,4-816-451-3850,4-536-130-2810,Ronald_Wright7512@ubusive.com,8,7/8/1968,0,2,827,225,528515362,3
2327,Walsh,1,5-028-561-5446,8-581-710-3733,Anabelle_Walsh2969@eirey.tech,2,1/16/1967,1,1,662,397,67224808,3
2328,Hunt,2,0-437-173-4847,7-521-572-2386,Nathan_Hunt4288@mafthy.com,1,5/20/1979,0,1,688,156,306171267,1
2329,Clifford,3,0-242-626-3607,3-721-548-2082,Charlotte_Clifford4466@supunk.biz,2,12/29/1958,0,2,716,466,651357486,2
2330,Fowler,3,1-245-878-5545,0-378-830-7107,Benny_Fowler1482@joiniaa.com,6,5/28/1957,0,1,407,434,638877371,2
2331,Lewis,2,4-831-766-4237,6-115-876-2522,Bryon_Lewis7841@mafthy.com,8,4/21/2013,1,1,498,517,444816122,1
2332,Powell,2,0-217-512-2545,5-422-804-1554,Piper_Powell8442@corti.com,4,2/7/1979,1,2,655,156,132478605,3
2333,Fox,3,7-610-483-2564,2-414-737-4223,Leroy_Fox7086@irrepsy.com,8,1/4/1959,0,3,757,939,247425820,3
2334,Nayler,2,5-054-576-7563,4-316-218-4334,Chris_Nayler8264@guentu.biz,7,5/8/1988,1,3,916,130,721411301,3
2335,Collingwood,3,7-645-781-6807,0-267-645-0565,Sara_Collingwood3418@zorer.org,7,4/11/1955,0,1,581,483,348347564,1
2336,Denton,3,7-552-086-6667,8-121-501-1816,Liv_Denton8463@gembat.biz,3,8/19/1953,0,2,438,295,286274422,2
2337,Roman,1,3-668-611-2035,4-780-118-1560,Harvey_Roman9216@bretoux.com,3,9/20/1996,1,1,251,711,358285150,2
2338,Bowen,3,0-448-518-3850,7-147-346-2765,Lorraine_Bowen5050@acrit.org,7,7/8/2008,0,2,964,345,143483738,3
2339,Nobbs,2,6-187-426-4827,5-164-466-3004,Shelby_Nobbs2993@fuliss.net,4,7/23/1996,1,2,637,408,744653007,2
2340,Matthews,2,8-226-834-0276,1-680-635-1357,Sofie_Matthews6641@bauros.biz,6,3/13/1995,1,3,858,585,551353625,2
2341,Haines,3,2-012-265-8613,3-581-506-0058,Daron_Haines7971@mafthy.com,5,6/28/1957,0,2,832,450,47302761,1
2342,Allington,3,1-315-684-2482,2-283-533-3626,Hayden_Allington5848@gembat.biz,2,10/29/1989,0,2,799,380,752831628,3
2343,Preston,2,4-887-405-7042,2-511-676-4553,Peter_Preston4284@extex.org,1,12/5/1998,1,1,881,764,28140780,2
2344,Carson,3,8-651-616-2256,6-178-473-1447,Chris_Carson3766@gompie.com,4,5/18/1981,0,3,169,722,887876462,2
2345,Calderwood,3,3-726-164-0217,6-412-687-1225,Sebastian_Calderwood6783@guentu.biz,8,10/1/1950,0,3,788,280,321728517,3
2346,Connell,3,6-300-322-5070,5-564-655-6547,Sebastian_Connell7211@sheye.org,5,9/27/1965,0,3,69,63,26216767,1
2347,Victor,1,2-728-071-8062,2-220-773-7132,Emerald_Victor1097@bulaffy.com,7,1/6/1968,3,1,32,623,185305310,2
2348,Villiger,1,5-400-667-8044,8-882-325-0010,Vanessa_Villiger5904@jiman.org,6,4/1/1974,2,1,891,374,250333888,3
2349,Craig,3,0-558-173-7836,5-178-351-5237,Gloria_Craig3532@infotech44.tech,2,9/13/2013,0,2,686,149,330358836,3
2350,Wright,1,1-027-722-5253,6-451-553-1418,Payton_Wright9246@grannar.com,2,5/13/1971,2,3,834,648,454350418,2
2351,Todd,1,3-547-664-4188,2-160-042-1022,Keira_Todd170@irrepsy.com,5,6/11/1953,2,1,719,98,242831747,1
2352,Porter,2,6-324-332-2474,5-346-210-0042,Alexia_Porter6558@womeona.net,5,10/21/1977,1,1,65,37,162011348,2
2353,Oakley,2,4-782-687-5342,8-881-161-3258,Alexander_Oakley340@guentu.biz,5,11/2/1966,1,3,846,846,27356662,3
2354,Welsch,1,6-733-011-0372,7-242-253-4073,Elijah_Welsch7450@bungar.biz,5,12/22/1954,2,3,902,378,852740344,2
2355,Brett,3,7-476-846-8067,6-328-012-2554,Maya_Brett511@muall.tech,5,5/3/1977,0,3,582,309,28486545,1
2356,Thorne,1,2-884-787-1726,7-166-664-3870,Tyson_Thorne691@vetan.org,8,5/16/1955,0,1,686,526,626047323,2
2357,Norris,2,0-646-772-5271,3-616-378-2488,Cassandra_Norris8589@twipet.com,7,12/9/1954,1,2,461,923,373402448,3
2358,Stanley,1,2-811-320-7064,3-114-573-1763,Charlotte_Stanley7915@atink.com,4,1/10/1986,1,3,96,589,278612120,2
2359,Neal,2,3-458-818-5685,2-258-381-7730,Aileen_Neal8203@dionrab.com,5,4/14/1955,1,2,513,776,875101853,2
2360,John,2,7-610-244-8503,2-183-606-3467,Alessia_John1438@corti.com,5,7/5/1967,1,1,642,515,241176656,2
2361,Bloom,3,6-144-834-6174,2-746-147-0205,Benjamin_Bloom2145@atink.com,7,4/14/2012,0,3,216,653,110203370,2
2362,Watt,1,8-738-427-7022,0-048-025-1423,Ally_Watt5404@eirey.tech,4,8/1/2017,2,1,625,438,142026852,2
2363,Lloyd,2,2-537-315-4126,3-754-104-4676,Zoe_Lloyd3297@twipet.com,2,10/2/1994,1,3,178,19,34387262,2
2364,Exton,3,6-824-801-1066,2-717-826-4504,Rebecca_Exton4891@deons.tech,3,12/9/1974,0,2,21,0,871064050,1
2365,Thorpe,1,2-757-114-8235,7-855-347-1673,Julius_Thorpe7201@iatim.tech,4,6/1/1989,1,1,679,531,638678081,3
2366,Mcgee,2,6-826-578-6668,7-205-174-8181,Owen_Mcgee6456@jiman.org,7,10/25/1987,1,3,919,527,40753804,1
2367,Upsdell,1,8-146-076-5366,7-632-068-4263,Boris_Upsdell2748@sveldo.biz,8,7/11/1970,3,3,137,114,620281837,3
2368,Holmes,3,4-838-070-7080,0-504-251-4425,Gabriel_Holmes5611@liret.org,2,4/17/1972,0,3,937,994,37147003,1
2369,Jennson,2,2-555-408-2470,2-001-371-7776,Daniel_Jennson5465@twace.org,3,3/8/2018,1,2,525,675,632181142,1
2370,Richardson,1,7-640-262-2638,3-103-312-5604,Natalie_Richardson996@corti.com,6,10/28/1974,1,2,491,803,607141514,1
2371,Dann,3,7-485-238-8130,4-426-678-3544,Cameron_Dann4281@irrepsy.com,1,9/5/2011,0,1,381,792,132327015,2
2372,Henderson,3,1-602-123-3265,1-064-577-2741,Lexi_Henderson5690@elnee.tech,7,9/8/1979,0,3,798,742,801525755,1
2373,Roscoe,1,2-222-012-2200,1-321-081-8447,Penny_Roscoe8971@nimogy.biz,4,10/12/2008,1,2,168,714,648680635,1
2374,Ripley,1,5-388-216-3442,3-886-657-4835,Phillip_Ripley3201@dionrab.com,6,2/14/1950,1,2,740,707,786208472,3
2375,Yoman,1,5-165-428-5862,3-265-056-0657,Ilona_Yoman1623@bauros.biz,4,7/21/1996,3,3,127,310,434636506,2
2376,Lindsay,2,3-736-617-6560,4-702-203-6547,Gloria_Lindsay5701@corti.com,2,11/15/1960,1,1,869,410,1801622,2
2377,Booth,3,0-867-416-5856,5-383-202-4661,Adeline_Booth164@fuliss.net,1,7/15/1961,0,2,710,539,265127752,2
2378,Chadwick,3,6-063-844-3134,1-388-608-7366,Chad_Chadwick171@irrepsy.com,2,11/14/1988,0,3,326,506,325000184,2
2379,Reynolds,2,3-660-576-5004,5-025-103-0568,Alexander_Reynolds9592@irrepsy.com,5,6/21/2018,1,3,279,893,46557877,1
2380,Osman,2,3-086-330-0478,1-688-250-3864,Moira_Osman8467@twace.org,1,8/24/2010,1,2,942,783,521785064,3
2381,Olivier,2,7-246-785-0382,1-418-323-7015,Erin_Olivier5760@sveldo.biz,3,4/15/1999,1,2,650,419,151142707,2
2382,Alexander,3,1-753-760-5725,0-126-728-1885,Kaylee_Alexander2796@hourpy.biz,6,6/14/1999,0,1,714,584,227254334,3
2383,Benson,3,5-282-820-0614,7-432-468-5325,Camden_Benson422@muall.tech,6,5/9/1971,0,1,719,894,222476030,2
2384,Wood,1,6-824-104-2531,0-844-318-0075,Emery_Wood9806@atink.com,8,6/28/2011,0,2,967,408,535800176,3
2385,Allington,3,8-046-702-1823,1-714-554-0632,Sasha_Allington2323@extex.org,8,12/8/1958,0,2,519,129,232131336,3
2386,Taylor,1,3-050-726-3232,4-107-028-5726,Denis_Taylor9239@qater.org,6,12/31/1982,1,2,859,173,682626027,1
2387,Durrant,3,5-405-764-7823,8-321-503-5151,Hadley_Durrant7770@sveldo.biz,3,6/8/1997,0,2,879,21,522218061,3
2388,Trent,1,2-302-083-0662,4-255-517-3224,Tyson_Trent447@typill.biz,4,6/29/1955,3,3,34,618,561511472,3
2389,Pond,2,8-427-645-3202,4-116-212-7004,Carla_Pond8655@nanoff.biz,4,5/4/1960,1,3,957,818,281655033,3
2390,Quinn,2,3-506-653-7633,0-357-084-3736,Rebecca_Quinn3003@bauros.biz,6,3/11/1986,1,2,911,58,823616163,3
2391,Haines,3,2-282-040-6731,2-775-837-6360,Rhea_Haines519@irrepsy.com,3,11/29/2016,0,1,29,43,70325153,3
2392,Funnell,3,5-310-482-3568,4-802-820-1277,Mason_Funnell5336@naiker.biz,2,9/6/1964,0,2,353,927,230145865,1
2393,Whinter,1,2-117-686-0755,0-871-385-7662,John_Whinter7003@eirey.tech,2,9/5/1981,1,3,306,737,420005128,1
2394,Rivers,1,3-188-485-5822,3-637-077-8834,Emely_Rivers4555@grannar.com,3,7/9/2007,1,2,869,511,267104043,1
2395,Buckley,3,6-135-027-1785,5-205-185-8643,Marilyn_Buckley1181@cispeto.com,3,10/28/1998,0,2,315,61,560483660,2
2396,Rowlands,1,2-325-263-1402,8-536-553-2021,Danny_Rowlands6039@twace.org,6,3/12/2008,1,3,46,237,410264738,3
2397,Lewin,2,0-167-803-3775,6-276-652-1554,Trisha_Lewin9227@hourpy.biz,4,10/23/1975,1,2,470,697,371568512,2
2398,Saunders,1,2-303-127-2742,3-133-450-5568,Chris_Saunders6571@irrepsy.com,1,12/27/2013,1,2,391,967,118136823,1
2399,Wheeler,1,2-427-688-0315,5-268-867-2738,Rita_Wheeler3666@ovock.tech,4,8/24/1987,0,2,40,82,130563208,2
2400,Rycroft,1,7-084-508-2255,2-272-005-3377,Daron_Rycroft4556@naiker.biz,8,1/17/1982,1,2,641,769,607436611,3
2401,Lane,2,3-771-067-8771,6-837-814-8646,Owen_Lane5949@sheye.org,6,7/7/1959,1,2,136,762,245850336,1
2402,Shields,1,1-614-481-2366,0-311-807-5123,Alice_Shields5407@dionrab.com,7,12/24/1950,1,1,238,646,376033243,1
2403,Lindsay,2,2-074-238-3675,4-847-052-6253,Raquel_Lindsay8939@extex.org,1,10/23/1964,1,2,114,524,244617105,3
2404,Stewart,1,6-804-038-3626,2-631-331-7284,Anais_Stewart1287@supunk.biz,4,1/27/1999,1,1,121,74,350528643,2
2405,Tyrrell,1,6-407-426-4125,6-700-858-1581,Catherine_Tyrrell6532@yahoo.com,7,3/8/1991,2,3,637,674,626736518,2
2406,Scott,1,3-315-611-0150,7-641-666-5737,Mason_Scott7333@eirey.tech,4,4/18/2017,1,2,514,161,224485727,2
2407,Lyon,2,0-283-571-4526,2-610-062-5643,Mark_Lyon2392@irrepsy.com,8,12/29/1978,1,2,415,350,705556057,3
2408,Weldon,1,3-784-250-1335,0-357-474-5868,Julian_Weldon4175@muall.tech,7,8/14/1966,0,2,413,388,872041684,3
2409,Phillips,2,2-261-004-7427,6-761-038-4047,Taylor_Phillips3624@joiniaa.com,7,1/3/2004,1,2,278,721,367427228,3
2410,Turner,1,6-682-514-3848,8-324-731-3737,Mark_Turner2848@atink.com,6,4/15/1951,0,3,831,810,84776488,2
2411,Olivier,2,7-857-842-7361,4-485-144-8350,Tom_Olivier1834@eirey.tech,8,2/13/1985,1,1,722,675,520148552,1
2412,Amstead,3,8-420-468-7604,4-726-578-6835,Davina_Amstead119@typill.biz,1,12/1/1973,0,2,877,766,276434418,1
2413,Radley,2,2-138-348-0886,5-833-723-2422,Jack_Radley3830@mafthy.com,2,3/23/1984,1,2,83,81,271073150,1
2414,Butler,3,0-010-870-5757,6-518-243-0603,Marvin_Butler69@famism.biz,8,3/22/2012,0,3,161,185,673324521,1
2415,Eagle,3,4-233-775-5148,4-414-483-6818,Payton_Eagle9909@muall.tech,5,1/7/2012,0,2,46,13,203336442,3
2416,Harris,3,3-155-374-8846,4-360-440-4236,Sebastian_Harris9100@infotech44.tech,5,4/2/1961,0,2,236,267,861147405,1
2417,Lloyd,2,3-604-060-0152,0-310-472-6855,Mike_Lloyd7198@liret.org,8,11/20/2019,1,3,614,15,15388727,3
2418,Gilmour,3,6-381-770-8146,3-544-714-6832,Henry_Gilmour7734@famism.biz,4,11/8/2020,0,3,938,404,868568445,2
2419,Farrow,3,7-766-703-2585,1-368-320-4210,Noemi_Farrow8431@famism.biz,7,1/19/1952,0,2,597,121,303613850,1
2420,Simmons,1,1-525-434-3754,0-640-555-6486,Iris_Simmons90@guentu.biz,5,10/20/1953,1,2,208,757,345333203,1
2421,Blythe,3,5-567-411-5481,4-684-600-4526,Ronald_Blythe3331@twace.org,1,4/8/1970,0,2,391,607,161150540,1
2422,Farmer,3,6-346-334-8846,6-522-570-7536,Jacob_Farmer9058@hourpy.biz,4,9/28/2003,0,2,320,521,267837060,2
2423,Warner,1,8-734-325-5554,8-672-125-0058,Tyler_Warner6593@zorer.org,1,6/25/1951,3,3,89,115,401232884,1
2424,Tyrrell,1,1-846-216-2600,0-521-343-8665,Bryon_Tyrrell2121@womeona.net,7,4/20/1979,0,1,904,960,235471408,2
2425,Morris,2,2-262-310-8018,5-412-847-5521,Caleb_Morris7893@infotech44.tech,6,2/14/1977,1,2,669,566,481233005,2
2426,Farrant,3,4-332-245-3101,6-848-502-0782,Owen_Farrant8184@infotech44.tech,7,1/31/1950,0,1,138,458,612127236,2
2427,Rivers,1,2-868-375-2214,0-444-123-1653,Jamie_Rivers5278@gmail.com,5,4/29/1951,1,2,533,757,325450674,3
2428,Clifton,3,7-540-555-4135,1-702-865-8415,Skylar_Clifton8087@nanoff.biz,1,5/14/2012,0,1,351,293,845412208,3
2429,Fields,3,6-868-811-3233,0-466-772-2667,Rosie_Fields7851@brety.org,5,3/8/1996,0,2,285,558,811608881,3
2430,Lloyd,2,5-136-385-4647,3-023-000-7381,Nick_Lloyd5213@hourpy.biz,5,6/22/1971,1,1,29,795,738876737,1
2431,Edler,3,0-280-280-7875,6-532-222-3677,Rosa_Edler5955@gembat.biz,7,5/8/1961,0,1,666,748,300445716,2
2432,Grady,3,3-513-686-5601,8-372-730-1337,Havana_Grady7973@hourpy.biz,6,7/24/1995,0,2,396,427,368461586,3
2433,Boyle,3,2-180-847-8263,2-280-724-5135,Andie_Boyle2831@supunk.biz,1,5/23/1972,0,2,29,176,343143223,3
2434,Rogan,1,3-325-758-1124,3-517-246-6156,Marigold_Rogan2255@bretoux.com,2,11/17/2003,1,1,655,940,432253148,2
2435,Brock,3,5-581-026-7002,1-508-365-6502,Miriam_Brock8582@nanoff.biz,6,7/31/1983,0,3,186,861,101238038,3
2436,Harvey,3,8-530-320-4575,6-347-242-3808,Karla_Harvey7794@yahoo.com,2,4/29/2012,0,3,951,105,436320666,2
2437,Bingham,3,4-504-358-7026,2-816-416-0150,Valerie_Bingham3528@atink.com,5,5/21/1960,0,3,126,452,705420415,1
2438,Kirby,2,3-633-888-1501,8-648-675-3463,Denis_Kirby4579@naiker.biz,5,9/2/1954,1,1,98,322,183336142,3
2439,Stewart,1,6-602-244-8154,7-883-615-0885,Freya_Stewart9153@supunk.biz,1,5/25/1958,1,3,970,826,874283305,2
2440,Drake,3,1-482-458-5505,4-385-606-1318,Ethan_Drake3760@kideod.biz,7,4/1/1976,0,2,254,755,363352730,2
2441,Williams,1,5-303-268-4467,8-082-841-2247,Julius_Williams2252@typill.biz,8,5/20/2004,0,2,521,967,528587571,3
2442,John,2,8-711-781-4158,5-712-675-6675,Domenic_John9991@qater.org,6,9/10/1991,1,3,702,834,656224871,3
2443,Giles,3,1-584-652-7587,6-258-652-2412,Elijah_Giles3514@corti.com,6,10/21/2007,0,1,643,30,351448137,3
2444,Upsdell,1,1-101-126-7846,4-625-168-7350,Chuck_Upsdell7776@dionrab.com,4,6/8/2016,2,3,17,1,731840068,2
2445,Ingham,2,3-804-541-0562,2-426-851-1120,Samara_Ingham3502@deavo.com,6,11/22/1968,0,2,796,813,57063082,2
2446,Overson,2,8-047-635-5663,8-837-388-2166,Emma_Overson2692@bretoux.com,2,12/17/1952,1,3,935,791,318827065,3
2447,Uttridge,1,3-451-608-7782,7-358-160-1024,Scarlett_Uttridge3887@womeona.net,1,5/1/2012,2,3,875,73,547016357,1
2448,Norton,2,0-868-332-7211,5-681-303-7825,Ron_Norton1721@hourpy.biz,3,10/8/1991,1,2,908,582,740776385,3
2449,Upsdell,1,1-702-528-5473,5-253-643-3241,Carissa_Upsdell8460@sveldo.biz,3,10/14/1956,0,1,774,563,68781814,1
2450,Kelly,2,6-636-423-2514,1-280-278-8611,Barry_Kelly1888@irrepsy.com,4,9/8/1974,1,3,587,945,272701545,1
2451,Bell,3,5-076-541-5281,0-720-875-4412,Gina_Bell9741@naiker.biz,1,12/15/1958,0,2,551,282,18102278,3
2452,Little,2,0-560-514-1421,2-612-228-2877,George_Little3736@joiniaa.com,6,3/5/1953,1,1,324,273,743883224,3
2453,Moran,2,4-404-726-8401,2-803-882-1025,Hannah_Moran1241@sveldo.biz,3,11/17/2006,1,1,929,603,737831444,3
2454,Samuel,1,4-057-475-8285,1-124-504-7583,Marjorie_Samuel4614@famism.biz,7,6/22/1984,1,1,717,986,78246185,2
2455,Kaur,2,2-762-172-1406,4-617-862-0416,Chanelle_Kaur3820@grannar.com,2,5/26/1963,1,1,412,643,150260405,1
2456,Forester,3,3-641-246-6507,6-233-363-4135,Aurelia_Forester6949@extex.org,7,12/26/1975,0,1,730,228,275327314,1
2457,Wilson,1,3-718-580-2507,1-446-246-6571,Ruby_Wilson1783@sveldo.biz,7,10/13/1968,1,3,47,88,165272147,2
2458,Judd,2,1-668-337-5437,8-150-486-1307,Samara_Judd7152@sheye.org,7,6/16/1950,1,1,292,353,764871825,2
2459,Rycroft,1,6-476-554-3328,3-571-112-2881,Melinda_Rycroft4043@twipet.com,7,4/29/1957,1,3,386,905,281128315,3
2460,Wilson,1,6-322-235-0014,4-805-010-4833,Mike_Wilson5411@naiker.biz,6,7/26/1988,0,3,554,128,666358504,3
2461,Mcleod,2,5-678-316-5176,5-172-728-2564,Ryan_Mcleod8806@womeona.net,4,7/22/1994,1,2,616,820,858583477,1
2462,Thomson,1,0-010-857-7345,7-657-133-1183,Carolyn_Thomson5748@deavo.com,5,11/23/1984,0,3,413,668,84346425,3
2463,Plant,2,4-676-018-8120,1-426-327-6053,Luke_Plant1488@sveldo.biz,6,11/25/1974,1,3,170,11,723047160,1
2464,Ring,1,3-720-543-3556,3-852-474-1265,Alice_Ring8013@womeona.net,6,11/6/1966,1,1,602,255,336006720,2
2465,Vollans,1,0-070-640-5832,3-704-625-7334,Karen_Vollans3059@sheye.org,6,12/19/1970,3,1,369,98,412048065,1
2466,Dempsey,3,1-804-152-8182,8-664-050-4142,William_Dempsey2323@qater.org,3,11/26/1993,0,1,279,582,388652446,1
2467,Drummond,3,7-285-357-0145,2-650-326-8875,Marigold_Drummond9722@nickia.com,3,1/3/1962,0,3,47,719,535730331,3
2468,Gunn,3,4-162-157-0273,5-776-168-2388,Makenzie_Gunn3919@mafthy.com,8,5/2/1974,0,1,859,227,766840007,2
2469,Wise,1,6-580-834-7520,6-422-435-4035,Alan_Wise2950@nickia.com,2,5/5/2013,0,1,77,161,818515844,2
2470,Collins,3,3-055-506-2441,2-381-247-0363,Kurt_Collins5055@dionrab.com,3,5/1/1969,0,3,581,845,165260646,1
2471,Lindsay,2,4-654-015-6003,8-652-885-8204,Mark_Lindsay7370@mafthy.com,2,12/10/2013,1,2,8,965,204502352,2
2472,Chester,3,8-511-782-7230,1-275-028-8488,Denis_Chester2752@vetan.org,7,7/13/1999,0,1,716,429,417233527,2
2473,Flack,3,1-240-737-7854,5-623-054-8784,Colleen_Flack2753@joiniaa.com,3,9/7/2014,0,2,316,797,628072181,2
2474,Clifford,3,3-048-361-1170,1-450-017-5225,Andrea_Clifford4579@extex.org,4,7/7/2016,0,3,625,658,872002232,1
2475,Silva,1,7-478-124-7673,6-643-531-7300,Carter_Silva7649@tonsy.org,4,12/29/1958,1,2,68,963,720161301,3
2476,Hill,3,3-131-525-5205,0-424-303-7506,Boris_Hill1123@twace.org,8,12/8/1969,0,1,332,61,142154674,3
2477,Murray,2,2-463-182-4241,4-042-466-5320,Olivia_Murray9810@muall.tech,6,12/25/1960,1,2,357,164,248510563,1
2478,Dale,3,2-763-573-1375,6-531-351-2666,Kassandra_Dale7901@liret.org,1,8/2/1978,0,2,750,758,137653857,1
2479,Bradshaw,3,8-612-727-5274,4-777-412-5381,Evie_Bradshaw4057@cispeto.com,2,1/29/1978,0,1,607,811,157434141,3
2480,Walker,1,3-846-181-7301,2-211-748-7177,Evelynn_Walker8334@sveldo.biz,7,1/1/2013,1,2,665,777,428508836,1
2481,Weldon,1,5-622-411-2341,0-074-722-5255,Domenic_Weldon622@grannar.com,3,4/13/1963,3,3,770,812,613514066,3
2482,Thatcher,1,7-264-563-6543,8-410-014-0316,Analise_Thatcher9420@grannar.com,4,10/28/1986,1,1,33,309,511155845,1
2483,Gray,3,6-080-387-7636,8-342-773-1068,Dorothy_Gray1768@hourpy.biz,1,6/19/1966,0,1,553,702,776857637,1
2484,Richards,1,2-773-170-6527,1-147-201-7761,Nate_Richards7206@muall.tech,4,11/26/1958,1,3,355,996,808008848,2
2485,Whitehouse,1,5-501-327-3020,3-408-554-0406,Boris_Whitehouse7282@infotech44.tech,6,2/4/2001,2,1,446,932,727651413,2
2486,Chappell,3,5-285-351-0547,2-401-302-7731,Adelaide_Chappell5104@typill.biz,5,12/27/1997,0,2,789,444,547832221,1
2487,Raven,2,8-614-522-7622,3-525-453-4546,Julian_Raven9340@cispeto.com,1,12/23/1990,1,1,143,705,484575338,3
2488,Smith,1,2-683-602-3237,0-074-555-1020,Martin_Smith7266@joiniaa.com,5,8/12/2012,1,1,667,817,102278315,2
2489,Henderson,3,1-753-415-6710,1-445-043-2010,Aeris_Henderson2253@muall.tech,2,7/22/2016,0,3,606,242,852612654,1
2490,Lynn,2,5-678-053-7468,6-053-053-0636,Nate_Lynn2764@muall.tech,8,8/5/2015,1,3,856,95,565028485,3
2491,Preston,2,0-146-314-0263,6-305-210-7353,Miley_Preston6403@gmail.com,2,10/10/1959,1,3,893,172,832704385,2
2492,Varley,1,8-057-231-5212,7-653-037-6073,Rylee_Varley9863@twipet.com,2,9/9/1970,3,2,40,554,810121428,3
2493,Swift,1,4-288-010-7312,0-526-717-5755,Britney_Swift989@infotech44.tech,7,7/26/1960,1,2,540,288,712038403,1
2494,Holmes,3,1-611-188-8117,0-537-515-8178,Megan_Holmes9957@iatim.tech,1,1/24/1950,0,1,333,829,450131541,2
2495,Ward,1,6-451-176-3310,1-811-838-2414,Charlize_Ward9106@hourpy.biz,2,2/7/1978,1,3,855,180,627148440,2
2496,Wood,1,0-604-527-8884,5-372-541-2363,Grace_Wood4608@ubusive.com,8,9/20/1983,2,1,675,853,488145253,2
2497,Jones,2,8-513-871-8700,2-638-164-6651,Matthew_Jones7931@famism.biz,3,10/10/1998,1,1,570,142,810313508,2
2498,Eaton,3,0-746-547-3478,6-621-635-7732,Harry_Eaton1560@yahoo.com,2,8/15/1974,0,2,737,556,701872376,2
2499,Stewart,1,0-067-344-6401,5-668-675-6136,Summer_Stewart1809@grannar.com,6,4/25/1975,1,2,185,446,7704511,3
2500,Martin,2,8-060-351-1684,3-054-047-2642,Boris_Martin1724@guentu.biz,5,9/28/1955,1,2,10,390,430336263,1
